99.94344;348.6385;423.6944;487.2512;340.61942;[50, 50]
52.00823;394.21426;396.4786;643.93536;371.18323;[50, 50]
94.89207;402.42075;415.00085;666.6981;378.1531;[50, 50]
94.83456;398.55078;405.37888;658.8876;376.23053;[50, 50]
95.0397;401.30945;405.71298;666.0273;376.0361;[50, 50]
74.03945;389.31824;379.41544;618.8771;372.1049;[50, 50]
95.02418;405.58752;412.38525;642.9428;375.6986;[50, 50]
95.05046;403.94543;414.63705;649.7946;377.75577;[50, 50]
56.91769;383.85526;357.15833;628.20056;369.66257;[50, 50]
95.02887;400.26788;412.3886;649.87366;375.80524;[50, 50]
48.188923;332.1194;354.03024;599.8694;370.5447;[50, 50]
124.8908;381.53177;419.93338;629.57635;327.24808;[100, 50]
123.43933;380.85965;417.37708;621.32404;326.44675;[100, 50]
123.49673;378.79266;418.97354;611.5853;322.24323;[100, 50]
124.26089;380.00433;419.41214;622.7267;326.4956;[100, 50]
123.46438;377.59216;420.93002;625.2785;326.79642;[100, 50]
124.275375;379.96515;420.02023;623.25214;327.02786;[100, 50]
124.103065;379.57196;421.25137;626.6211;326.64517;[100, 50]
123.63506;382.66052;421.1154;628.68365;327.60403;[100, 50]
123.63506;382.66052;421.1154;628.68365;327.60403;[100, 50]
124.723526;380.43585;419.74197;623.54254;326.90643;[100, 50]
124.55326;380.50952;420.29373;620.99506;325.99765;[100, 50]
122.616264;382.1555;421.00705;624.36316;327.65457;[100, 50]
163.1647;363.5683;425.49658;591.99536;281.26364;[150, 50]
163.18596;360.8755;425.8464;585.16565;280.87692;[150, 50]
163.84315;360.4442;425.96823;585.6653;280.38394;[150, 50]
163.6776;360.06372;425.13232;584.60004;280.2868;[150, 50]
163.63542;360.7966;425.46664;585.1315;280.07993;[150, 50]
163.75476;363.1391;425.75348;586.1924;279.82666;[150, 50]
163.90479;369.55792;422.78424;593.5967;279.6512;[150, 50]
163.17282;361.9073;426.19675;582.4564;280.3264;[150, 50]
161.69463;345.9307;313.87485;528.8437;265.15964;[200, 50]
208.92662;354.3545;446.85922;543.86346;233.10098;[200, 50]
208.86742;352.99982;451.18805;541.2512;232.405;[200, 50]
208.78511;354.55722;447.26947;542.8767;232.96007;[200, 50]
208.68144;353.69717;448.1697;542.44525;231.66464;[200, 50]
209.0272;354.6499;448.1841;543.4177;233.24815;[200, 50]
208.6651;354.90952;449.7018;541.8677;232.84288;[200, 50]
209.006;355.11023;449.05035;542.20044;232.74234;[200, 50]
242.99156;298.4622;466.08115;468.95813;149.54765;[250, 50]
253.42435;345.24432;477.87527;522.98694;186.4383;[250, 50]
294.3227;292.89142;475.20135;458.14725;121.72128;[250, 50]
425.8407;224.49953;476.4335;123.05525;271.74796;[250, 50]
253.50365;345.51855;477.74603;519.4677;186.20206;[250, 50]
255.89029;345.7435;477.2108;510.68744;185.64664;[250, 50]
312.18823;343.50757;472.59375;509.4787;185.39886;[250, 50]
293.52533;343.97626;478.10678;472.9442;134.13667;[300, 50]
269.1786;330.86392;359.34634;450.9736;141.10036;[300, 50]
321.8451;326.2681;497.35522;440.48053;115.74541;[300, 50]
296.3142;344.48578;505.15485;494.17773;144.13214;[300, 50]
300.23978;342.99686;503.57135;491.38034;143.76309;[300, 50]
304.9735;366.4809;527.5637;424.0108;133.84702;[300, 50]
298.0433;343.1612;504.10516;495.3413;144.37154;[300, 50]
296.34717;342.67435;503.5484;489.24832;143.25365;[300, 50]
296.05917;343.60086;504.72253;494.35492;143.9619;[300, 50]
507.01782;356.31396;579.4882;468.22797;121.73364;[350, 50]
482.63257;340.48505;557.3023;422.66388;99.09825;[350, 50]
348.45557;333.48267;540.4206;478.46204;103.969574;[350, 50]
356.24142;343.62305;544.4648;452.71683;116.47017;[350, 50]
347.92963;301.0185;474.34912;479.00208;122.56361;[350, 50]
369.89978;245.93517;432.3675;397.19458;116.66378;[350, 50]
387.7254;313.5528;541.8216;437.23267;48.63096;[350, 50]
425.3343;343.72363;525.7911;436.05426;120.32657;[350, 50]
479.11536;341.42645;560.6629;464.40472;129.07208;[350, 50]
392.41187;336.63306;534.23505;453.6382;112.90402;[350, 50]
442.1638;333.14862;557.6463;428.33527;44.074505;[350, 50]
346.84656;326.3163;507.3708;463.3959;130.27335;[350, 50]
527.2513;298.1552;553.48517;118.11084;356.43817;[350, 50]
541.55334;356.59436;604.95776;457.84137;133.45251;[350, 50]
445.65817;258.76202;534.6042;402.05087;144.1542;[350, 50]
400.48834;353.87186;561.43976;460.5235;82.75107;[400, 50]
398.20312;353.30273;555.06573;465.3024;82.97591;[400, 50]
334.3067;337.1208;492.2361;489.204;141.97942;[400, 50]
529.7747;357.6297;575.0614;289.8823;121.62794;[400, 50]
407.77856;342.95178;557.44;465.5111;81.4936;[400, 50]
405.13818;343.39713;556.1209;446.62976;81.74538;[400, 50]
403.01294;350.18665;562.59015;459.20364;82.836716;[400, 50]
401.92963;401.27826;606.1841;456.8545;150.66696;[400, 50]
441.72925;332.9615;557.3784;405.04346;41.013943;[400, 50]
400.3855;351.82678;574.09845;458.12183;82.80408;[400, 50]
403.73557;353.31073;560.9583;462.93512;83.34439;[400, 50]
449.90384;369.09995;592.4466;453.96906;84.91656;[450, 50]
449.41467;370.57687;589.1138;454.67807;84.55652;[450, 50]
450.1414;370.28726;590.6375;452.8272;84.84301;[450, 50]
450.27338;370.14133;590.8841;452.81445;84.83579;[450, 50]
448.75696;369.8853;593.5764;454.32217;84.99789;[450, 50]
449.89136;370.1455;593.17474;453.45044;84.741;[450, 50]
493.30933;392.38953;622.4567;453.31735;112.38195;[500, 50]
492.84634;390.25134;628.4874;450.0295;112.84247;[500, 50]
492.51376;388.88245;627.96515;447.12274;112.49261;[500, 50]
493.94684;391.08868;633.72906;446.29587;112.06752;[500, 50]
408.7975;296.27997;577.80334;467.82632;110.8544;[500, 50]
244.4876;283.7641;404.91006;452.35226;140.46597;[500, 50]
509.96942;388.37622;637.3189;486.86285;123.40029;[500, 50]
547.6007;413.89362;670.99567;451.58115;149.61446;[550, 50]
529.40796;410.83722;663.09357;458.1895;151.23929;[550, 50]
547.8357;416.06024;670.7919;450.21832;149.59052;[550, 50]
546.0767;416.30197;671.72095;449.9493;149.87785;[550, 50]
546.58563;419.6287;670.29755;450.97534;148.90918;[550, 50]
546.966;418.57697;670.91833;450.11548;149.03967;[550, 50]
549.4915;418.19766;674.8498;452.96445;148.5703;[550, 50]
326.94257;256.11218;39.17367;470.62018;506.75305;[50, 100]
74.15702;307.12592;263.91156;566.8766;372.69492;[50, 100]
71.3245;395.6026;371.12033;623.0834;369.8104;[50, 100]
72.88375;309.7195;265.2182;567.5642;371.67038;[50, 100]
61.57997;311.12943;365.9761;572.2029;371.16312;[50, 100]
51.138355;318.91882;345.17752;589.8677;371.0673;[50, 100]
49.52934;379.2935;377.51578;618.8943;371.38794;[50, 100]
74.83529;304.2213;261.9979;562.7075;371.57816;[50, 100]
62.834583;307.72568;283.9738;580.3782;371.1428;[50, 100]
54.367893;383.2304;375.2742;613.00415;371.11612;[50, 100]
47.71761;375.77603;359.53287;620.70465;369.8021;[50, 100]
46.358177;376.9792;360.73657;600.6179;370.32266;[50, 100]
47.834736;369.98175;376.3746;606.97797;370.4025;[100, 100]
96.80336;348.19983;377.4426;572.8262;319.48404;[100, 100]
126.75344;326.34363;380.5586;549.2361;313.57193;[100, 100]
88.57014;379.28665;372.06235;618.3067;367.0939;[100, 100]
97.466675;342.74286;382.69196;583.17566;319.12613;[100, 100]
143.2375;325.6355;388.1676;544.0558;272.0935;[150, 100]
96.98547;344.35666;381.83875;582.3478;318.03488;[150, 100]
143.46092;326.32336;390.6238;541.5708;274.0951;[150, 100]
143.77039;323.1098;389.69467;546.52686;271.62427;[150, 100]
142.02428;321.80795;393.02817;562.3225;269.93298;[150, 100]
143.29662;321.2959;389.46237;541.24786;273.46933;[150, 100]
140.76321;328.69165;382.6652;570.71533;272.39944;[150, 100]
143.02138;324.05487;392.82065;541.5788;271.08774;[150, 100]
143.08582;325.13525;389.9075;540.9741;272.55167;[150, 100]
93.7797;312.33038;406.262;578.0115;379.38632;[200, 100]
193.0349;306.45172;413.63724;511.48944;220.3322;[200, 100]
220.29985;251.00983;95.65516;492.5264;440.6661;[200, 100]
190.13933;298.71722;413.51657;459.71854;153.26392;[200, 100]
192.45195;305.25983;411.95;507.14575;219.75104;[200, 100]
195.52788;304.85544;413.96408;512.06085;219.75394;[200, 100]
193.29941;306.25964;412.32742;508.83084;220.57884;[200, 100]
194.18985;298.86725;428.3997;507.06723;221.82626;[200, 100]
193.54897;304.20312;349.79282;517.2721;237.4833;[200, 100]
241.49014;295.383;438.84918;473.89542;170.56714;[250, 100]
240.52394;293.77927;438.48;476.87558;172.78963;[250, 100]
242.68614;294.52637;439.79776;477.3659;170.12453;[250, 100]
241.8224;294.89832;439.87292;476.975;170.02853;[250, 100]
241.60188;295.92374;438.56857;473.4295;171.2941;[250, 100]
324.52585;265.3794;102.7659;481.79022;430.3837;[300, 100]
524.5317;304.97992;509.7901;435.37512;120.47565;[300, 100]
344.95685;332.9621;563.6523;411.7466;98.7184;[300, 100]
292.5823;296.57513;474.31543;467.95062;123.07129;[300, 100]
295.19495;292.63953;473.04013;454.1881;135.30424;[300, 100]
293.43164;292.64355;474.21567;457.2496;121.49658;[300, 100]
296.09454;341.9761;502.41696;491.65494;143.31787;[300, 100]
295.92377;293.9206;488.21237;439.52686;109.56573;[300, 100]
294.41162;309.47333;475.53275;491.51038;129.7251;[300, 100]
296.15192;292.6696;484.60007;438.9212;130.73656;[300, 100]
293.34308;291.17065;474.82358;442.53357;121.796036;[300, 100]
256.21594;295.35968;474.58313;485.11108;126.13509;[300, 100]
254.52266;346.199;475.48245;517.5684;184.86191;[300, 100]
289.46854;293.54684;476.3957;475.99353;124.57561;[300, 100]
499.08368;349.55035;585.7594;344.61642;130.85968;[350, 100]
342.56052;292.25415;423.27576;447.409;75.83006;[350, 100]
319.9492;336.1565;514.5701;503.87906;144.45767;[350, 100]
335.78473;215.76317;336.97446;416.1411;135.48871;[350, 100]
340.10083;295.01697;485.18204;442.6564;137.67496;[350, 100]
335.72845;295.6456;498.75797;458.0025;77.532364;[350, 100]
345.42767;294.76434;521.2468;440.26373;51.27579;[350, 100]
352.12952;299.84998;487.6971;438.0624;73.845825;[350, 100]
346.20844;292.0988;532.2934;302.69998;102.80147;[350, 100]
319.16144;315.684;489.743;451.02673;74.019775;[350, 100]
339.83014;296.43576;500.13428;448.31116;76.11616;[350, 100]
337.23654;300.68314;491.33755;439.0827;73.132126;[350, 100]
383.65027;272.26602;457.99524;351.92822;75.60284;[350, 100]
396.0792;295.724;542.6982;439.00504;36.071228;[400, 100]
396.66132;314.58722;530.674;414.5409;35.877827;[400, 100]
395.84027;310.25156;527.29486;422.45306;36.596973;[400, 100]
395.13678;312.8152;526.32495;425.28412;35.502144;[400, 100]
396.044;312.44354;528.8672;429.1181;36.54336;[400, 100]
395.71246;312.12146;526.5728;419.21704;35.886997;[400, 100]
394.57898;312.56693;542.14496;423.75635;36.253155;[400, 100]
391.337;310.61157;475.8895;426.347;36.374725;[400, 100]
390.51834;306.59595;520.84485;420.72522;36.076344;[400, 100]
366.1841;331.19888;533.7183;448.747;88.291214;[400, 100]
442.36096;329.93658;558.30457;407.4698;41.39971;[450, 100]
337.33777;312.38;507.45517;487.4579;56.962658;[450, 100]
445.25543;333.18594;566.31824;403.69193;41.44565;[450, 100]
438.84512;329.1613;551.7758;419.00348;47.27443;[450, 100]
440.88568;333.083;557.2295;401.82727;41.111813;[450, 100]
440.1023;332.16782;559.7659;405.6313;41.56914;[450, 100]
440.5476;335.59784;609.3172;406.1446;40.578503;[450, 100]
440.20703;332.54092;557.6811;399.8908;41.184677;[450, 100]
440.14108;333.36658;558.159;405.4369;41.354877;[450, 100]
366.5952;348.87924;544.9543;459.92044;106.32283;[500, 100]
487.61285;353.8688;600.1453;398.9018;84.2499;[500, 100]
487.27625;353.8598;599.3545;400.64;84.2121;[500, 100]
486.94424;353.05353;591.0929;381.33102;83.75033;[500, 100]
487.1554;356.67603;604.18695;399.85913;84.233795;[500, 100]
490.57056;353.29474;591.69244;399.2583;84.40794;[500, 100]
486.96436;353.89154;593.59076;397.9177;84.13345;[500, 100]
485.99475;353.98877;602.8105;401.088;84.53496;[500, 100]
498.6763;353.38538;603.87616;392.74756;83.712296;[500, 100]
430.5277;340.90924;600.9073;351.984;130.22939;[550, 100]
536.0577;361.86;635.7492;421.87787;135.69313;[550, 100]
454.9619;374.5835;607.50507;410.33765;131.10905;[550, 100]
539.43475;383.8217;632.03876;411.93646;132.27975;[550, 100]
543.79193;385.28223;648.40594;403.45514;132.7087;[550, 100]
540.53815;381.86005;637.5922;401.1142;132.82568;[550, 100]
484.75146;349.31573;573.5081;416.0154;101.95064;[550, 100]
190.89552;289.049;363.63443;530.50256;292.07318;[50, 150]
43.704205;334.74518;309.58414;592.181;369.7859;[50, 150]
43.483852;328.48816;308.64743;577.0447;372.5875;[50, 150]
43.9353;339.44702;315.51065;589.6957;370.36203;[50, 150]
46.678764;338.8455;312.72928;577.5073;368.18356;[50, 150]
44.681576;335.1644;313.9435;574.7713;382.4086;[50, 150]
43.184742;337.72888;314.10236;592.68005;369.74118;[50, 150]
43.523273;340.37463;314.3474;602.2616;369.59482;[50, 150]
43.206944;338.1253;314.36966;592.44324;369.49515;[50, 150]
44.88998;341.34937;321.17606;591.8022;370.0768;[50, 150]
49.318897;350.44568;314.38303;596.8907;370.43805;[50, 150]
47.67511;384.34485;357.44565;625.1184;371.17334;[50, 150]
47.519794;383.49756;316.39713;628.2269;371.0461;[50, 150]
139.9005;288.56;334.80286;518.8418;272.8801;[100, 150]
242.74539;150.65392;143.1095;412.3009;349.69827;[100, 150]
92.813255;288.5764;313.30667;521.85565;338.28732;[100, 150]
91.87591;307.23666;327.47147;536.97205;321.15973;[100, 150]
93.26233;306.83374;330.06784;535.0393;299.0646;[100, 150]
92.81532;312.25598;325.83676;537.808;314.97293;[100, 150]
137.34819;300.0442;325.63107;528.291;313.8923;[100, 150]
144.89778;240.2303;228.2652;492.38452;335.89407;[100, 150]
92.02116;307.82294;327.62778;541.9019;315.0222;[100, 150]
140.74245;284.04337;332.4918;508.3694;285.72482;[100, 150]
125.17051;283.91656;335.31552;518.85114;270.51517;[100, 150]
142.35591;241.57585;228.7952;498.0771;342.01913;[150, 150]
139.76521;280.59995;338.02377;506.43936;271.49124;[150, 150]
143.29414;262.90497;230.55434;490.68945;341.78317;[150, 150]
140.03014;278.19376;340.4913;500.4746;270.4099;[150, 150]
145.20726;240.81203;228.59496;488.51294;345.42313;[150, 150]
140.32191;281.67578;339.00626;509.3312;272.31464;[150, 150]
140.86299;281.86093;337.99533;504.82132;270.74915;[150, 150]
141.08289;279.3708;336.58554;505.93643;270.09067;[150, 150]
140.66;278.64386;344.4814;567.59827;270.15207;[150, 150]
145.50468;278.6451;348.34586;506.7774;271.13718;[150, 150]
192.29448;262.89203;317.2206;454.06122;208.6563;[200, 150]
192.02063;254.32117;357.01498;474.3329;226.88673;[200, 150]
275.7249;324.94678;440.41034;466.13232;219.95453;[200, 150]
192.77617;259.9151;363.527;469.15625;221.06435;[200, 150]
191.462;260.62784;369.11362;450.93878;226.91595;[200, 150]
190.84624;259.1321;365.71786;472.44974;217.65643;[200, 150]
194.54088;259.7551;399.56882;475.39948;222.25195;[200, 150]
187.48892;259.52338;363.43442;456.31015;225.20901;[200, 150]
186.99951;258.73264;368.4401;455.21008;217.82214;[200, 150]
192.07439;274.29553;369.76315;473.67065;224.7901;[200, 150]
189.73686;259.05997;366.56772;469.77185;216.49344;[200, 150]
261.0798;145.24615;321.76614;369.93134;207.67639;[200, 150]
192.00609;266.04697;282.9116;494.06274;271.82986;[200, 150]
189.28792;259.34845;369.3313;468.87424;220.06699;[200, 150]
189.19176;258.83734;371.80078;466.11432;216.60901;[200, 150]
240.5613;245.20102;396.76218;449.7214;171.87434;[250, 150]
244.09271;261.91794;399.3121;446.41098;166.21773;[250, 150]
244.38545;249.434;392.24484;430.08826;174.85136;[250, 150]
244.1675;231.52113;373.34;409.07202;175.18834;[250, 150]
234.11998;208.75188;346.7134;442.45215;198.44884;[250, 150]
241.28279;246.66249;374.13577;442.52805;196.34654;[250, 150]
241.85217;246.1528;395.09344;420.8847;171.1665;[250, 150]
394.23578;312.42337;556.2878;428.46576;123.29509;[250, 150]
240.47215;243.40344;391.35858;441.2903;171.93448;[250, 150]
242.09233;245.6999;396.87894;438.40894;171.63937;[250, 150]
240.17235;249.26878;399.0217;440.25085;169.52814;[250, 150]
284.64807;237.27719;390.70334;397.50458;133.2022;[300, 150]
289.57867;243.83958;426.37082;411.601;121.04221;[300, 150]
289.59964;243.92001;426.6315;410.71848;119.5399;[300, 150]
290.6872;243.94066;428.0587;409.09988;120.8989;[300, 150]
290.27676;244.17253;427.5177;413.18198;119.74762;[300, 150]
293.532;245.95952;443.41553;417.37164;121.190254;[300, 150]
283.73328;245.82323;428.61917;408.8041;120.57533;[300, 150]
290.52963;242.88985;426.56662;412.7105;120.96446;[300, 150]
287.89557;245.59343;439.2263;410.53723;119.75707;[300, 150]
288.54468;245.43292;427.95175;407.82092;120.02073;[300, 150]
284.4753;244.79068;426.86743;408.93024;119.3541;[300, 150]
329.2372;244.84114;464.53848;384.4231;71.173996;[350, 150]
335.25067;250.82457;447.3745;384.5692;72.61987;[350, 150]
341.6764;249.62004;466.78406;385.33978;72.410416;[350, 150]
339.24374;248.68657;467.8746;385.34048;72.73384;[350, 150]
342.59418;250.54149;466.71988;388.9201;72.78824;[350, 150]
338.7478;249.38156;457.44144;389.25464;71.4442;[350, 150]
392.05627;267.8123;504.82318;371.79614;28.117165;[400, 150]
392.93494;265.62802;503.33286;369.98962;27.462408;[400, 150]
392.42517;266.9426;499.06564;365.68146;28.075653;[400, 150]
392.42395;267.70575;504.71085;368.68115;28.42443;[400, 150]
392.5923;266.90118;503.43008;372.3736;27.866554;[400, 150]
392.15866;267.59973;503.14548;371.31873;28.074162;[400, 150]
391.5911;266.99463;495.64386;368.7993;28.750765;[400, 150]
393.28833;257.4801;490.22293;365.03226;28.267557;[400, 150]
394.40887;250.70103;504.9062;331.70615;63.459026;[400, 150]
392.1245;265.42627;501.8134;374.3139;27.137302;[400, 150]
442.64413;284.34323;502.0948;356.912;35.512157;[450, 150]
413.62524;219.13359;291.72913;366.6369;431.27182;[450, 150]
218.31398;250.97737;114.487885;490.36472;429.87296;[450, 150]
422.5682;294.73022;520.69684;393.61652;42.786343;[450, 150]
306.40482;240.04909;416.91763;419.549;121.90186;[450, 150]
434.46402;338.60272;547.9222;367.68823;39.621075;[450, 150]
425.36804;281.8686;522.8162;363.3629;30.13958;[450, 150]
434.67923;291.3836;529.10284;352.41724;33.607033;[450, 150]
318.35617;265.7393;397.362;375.44983;77.21172;[450, 150]
296.9635;190.66592;396.03647;372.7354;132.66281;[450, 150]
495.08533;214.08894;291.44742;170.38;51.203777;[450, 150]
444.63733;290.84305;537.9852;353.61804;36.653973;[450, 150]
376.04684;206.22252;454.6524;352.61136;78.09665;[450, 150]
346.0164;327.05194;528.83905;412.22675;73.828186;[450, 150]
487.31778;318.44006;578.75165;350.78476;83.165985;[500, 150]
425.27612;146.09659;368.55316;230.41043;158.29686;[500, 150]
487.84113;319.36963;573.361;349.07672;82.747856;[500, 150]
488.8867;316.64175;574.7113;348.14648;83.037056;[500, 150]
488.5022;319.63498;582.7435;350.82837;83.33116;[500, 150]
487.3745;319.73727;571.3424;347.04144;82.90144;[500, 150]
487.1843;319.50317;578.1661;348.0903;82.663376;[500, 150]
487.51498;319.31662;578.5219;345.60132;82.995575;[500, 150]
488.69287;319.77487;575.4592;349.05402;82.86774;[500, 150]
488.7383;319.60803;573.18634;349.6652;82.79147;[500, 150]
538.29645;351.5133;613.7988;346.28125;131.23367;[550, 150]
541.03595;351.29102;620.8381;345.2469;132.4125;[550, 150]
539.98267;350.69537;618.86615;350.44257;134.91245;[550, 150]
518.90137;339.44522;597.198;323.50684;137.96243;[550, 150]
532.955;350.20956;611.32263;345.6245;119.65949;[550, 150]
536.83905;352.16022;607.8049;353.56555;131.81873;[550, 150]
491.685;352.94763;604.6116;391.2461;83.91499;[550, 150]
517.0089;346.28253;595.87476;351.92874;133.94722;[550, 150]
545.82294;350.85608;613.9394;349.96634;131.14583;[550, 150]
549.625;348.21603;607.1898;346.39862;133.2584;[550, 150]
72.647606;304.93085;263.11832;569.84906;371.28503;[50, 200]
55.936375;376.69128;373.30984;608.3954;371.1571;[50, 200]
74.058266;304.2893;261.00208;568.5916;371.15863;[50, 200]
73.72465;305.22534;262.71976;568.1372;371.39786;[50, 200]
73.47861;316.2721;266.4304;600.9469;371.07144;[50, 200]
73.51366;327.17865;270.361;606.79144;371.39066;[50, 200]
59.67837;373.0746;360.8711;593.2186;371.01746;[50, 200]
61.690742;311.836;302.0372;574.482;371.1317;[50, 200]
73.33445;303.42523;261.24637;583.64276;370.61487;[50, 200]
74.122215;303.7527;260.9597;566.1398;371.19278;[50, 200]
64.19862;350.4652;332.61844;582.0807;371.017;[50, 200]
66.82458;363.1544;351.18527;614.31476;372.1271;[50, 200]
54.78527;372.9856;356.8304;601.3233;370.30493;[50, 200]
110.72883;269.32275;284.91946;528.6008;321.89987;[100, 200]
192.83888;263.5327;366.25745;494.0759;222.77826;[100, 200]
114.413284;266.6215;278.18088;458.59952;320.87802;[100, 200]
113.341934;270.11975;277.6578;519.0977;325.61578;[100, 200]
112.92358;271.00488;285.3859;506.66837;317.1465;[100, 200]
143.03777;242.19542;229.56345;499.9422;329.73758;[100, 200]
111.62282;271.08032;345.26102;501.71686;319.9133;[100, 200]
110.17515;269.2613;287.52032;500.64035;325.27542;[100, 200]
121.19344;271.11816;283.4124;520.881;328.23648;[100, 200]
112.764984;270.49152;276.28375;512.6746;325.80148;[100, 200]
112.1262;271.46964;277.21957;510.17444;325.35867;[100, 200]
111.50761;269.70117;279.22513;525.54846;324.88724;[100, 200]
144.15346;272.3463;285.4153;504.2307;314.0842;[150, 200]
142.94322;276.03693;290.5764;491.88043;312.24594;[150, 200]
146.03864;235.16093;286.73734;475.01996;251.63708;[150, 200]
152.78723;241.47078;298.59457;472.0552;277.36627;[150, 200]
153.49669;240.88527;291.27338;475.26617;276.8262;[150, 200]
153.90446;240.4148;301.41122;475.4685;276.72934;[150, 200]
154.46886;241.04521;297.21045;470.43066;277.74063;[150, 200]
149.65013;241.02965;293.7293;476.96432;275.3987;[150, 200]
240.50685;200.62672;356.58093;429.03778;179.33359;[200, 200]
402.62192;217.33546;423.1586;368.85455;197.31596;[200, 200]
238.6032;218.34612;335.96222;436.8114;178.8329;[200, 200]
143.6598;240.47968;278.80878;500.36652;337.7311;[200, 200]
190.51987;259.65247;353.28055;472.26852;213.71162;[200, 200]
252.27766;354.83185;508.63934;468.74585;116.130066;[250, 200]
242.95107;248.71426;396.92056;442.53052;172.16495;[250, 200]
207.35753;248.78027;357.99048;403.86188;205.39629;[250, 200]
346.51282;194.88339;365.75317;398.97067;178.69733;[250, 200]
246.72615;196.38228;353.58856;402.07828;183.05145;[250, 200]
249.73766;196.32881;357.10968;402.00208;183.83951;[250, 200]
246.36342;195.85866;355.66086;399.35974;183.91788;[250, 200]
248.50879;196.43462;357.3278;402.3748;183.30807;[250, 200]
242.1443;238.32773;404.11508;447.86786;173.07707;[250, 200]
245.28319;195.32396;362.0095;404.60583;177.38852;[250, 200]
245.41942;195.29904;360.37582;402.38007;178.78528;[250, 200]
295.31528;190.81032;392.07446;375.24893;139.61945;[300, 200]
336.26428;202.51726;370.75552;332.132;137.5091;[300, 200]
339.7556;250.80956;465.5757;385.1643;71.49379;[300, 200]
300.64355;191.62392;390.49466;367.50836;140.36803;[300, 200]
293.70016;192.68425;397.8179;371.28217;138.70554;[300, 200]
297.31366;191.10297;388.34018;362.8827;141.30133;[300, 200]
297.35327;294.15637;405.13962;372.59918;133.61264;[300, 200]
292.3299;191.7819;392.02838;372.6499;139.482;[300, 200]
293.20392;190.52057;391.5027;371.24347;139.66032;[300, 200]
343.0465;201.93068;430.554;345.25726;98.96187;[350, 200]
348.05518;199.63965;439.58298;345.88394;94.0233;[350, 200]
352.89978;198.34026;436.21304;347.28815;75.54383;[350, 200]
379.5585;210.10208;435.75867;337.47583;95.98233;[350, 200]
345.48853;199.92238;431.92026;343.23257;100.82814;[350, 200]
383.33173;202.2267;468.00226;341.16342;74.6923;[350, 200]
397.11386;215.66127;464.6439;321.74255;211.12405;[350, 200]
388.51312;202.19057;439.2737;338.36386;100.400986;[350, 200]
345.06808;198.5975;432.98465;342.40253;97.86586;[350, 200]
424.6956;206.27184;444.84528;346.75964;35.48386;[350, 200]
342.77386;199.1519;430.0096;341.17596;97.12883;[350, 200]
391.937;266.64148;501.2385;370.95865;28.221632;[350, 200]
471.4135;121.87893;401.5187;126.96772;305.3161;[400, 200]
399.69885;113.80302;394.05957;264.53467;150.8023;[400, 200]
394.93536;216.59663;474.8719;327.7973;72.0698;[400, 200]
414.3424;214.6765;441.29355;311.95874;115.812904;[400, 200]
392.3779;218.19751;428.21307;308.5429;74.02273;[400, 200]
389.006;220.78868;473.3955;323.87003;72.04205;[400, 200]
415.47873;222.49937;460.4292;313.703;72.75502;[400, 200]
393.2555;227.56645;463.4373;322.67755;72.33008;[400, 200]
362.08493;221.98413;450.6951;340.7613;73.2543;[400, 200]
394.5609;209.94429;472.39426;337.7493;65.89666;[400, 200]
446.53192;251.58922;508.17664;264.8642;75.79672;[450, 200]
446.56738;251.24419;507.93848;305.68356;75.590775;[450, 200]
448.2597;250.93697;511.04767;304.6197;76.29968;[450, 200]
447.3472;252.61441;510.46548;308.91193;74.5355;[450, 200]
441.73776;250.07225;512.2943;307.53998;75.856735;[450, 200]
446.57172;250.78998;511.68784;302.5116;76.06311;[450, 200]
504.89618;228.20619;510.94308;193.73445;192.85562;[500, 200]
495.36743;280.96387;537.84076;298.27362;104.097244;[500, 200]
491.62915;276.7824;541.7501;299.71548;104.45636;[500, 200]
490.99384;281.9522;546.3645;297.84988;104.359344;[500, 200]
490.13028;284.34042;528.4699;299.8924;103.60305;[500, 200]
489.96448;277.45404;541.6579;297.98016;105.36368;[500, 200]
489.91962;278.58923;540.90967;296.43924;104.81568;[500, 200]
488.34692;280.8156;540.679;297.10388;104.96954;[500, 200]
488.57343;279.11618;540.2934;296.58673;105.26605;[500, 200]
490.41925;278.91956;541.8463;297.31442;104.716736;[500, 200]
490.2978;280.26477;541.6427;296.87445;104.86758;[500, 200]
391.34558;260.11713;440.4404;280.02435;136.69516;[550, 200]
544.72687;327.937;594.08307;299.21198;148.75021;[550, 200]
610.05853;244.51552;566.51465;155.19249;370.26364;[550, 200]
536.88385;311.40204;577.7353;293.00995;352.98926;[550, 200]
532.47186;328.32416;585.4854;210.19699;207.14807;[550, 200]
548.5761;323.0416;605.6889;300.3511;149.47206;[550, 200]
532.7002;323.83234;586.2147;300.41583;148.39465;[550, 200]
522.61487;125.98382;347.46463;166.44525;375.16263;[550, 200]
545.8927;324.68127;597.5629;300.6991;147.10973;[550, 200]
95.8519;276.88538;223.81776;554.7233;377.82733;[50, 250]
119.33315;278.45328;214.98926;554.3701;382.6373;[50, 250]
120.61491;279.46893;216.12009;547.41315;384.13046;[50, 250]
121.647194;279.88147;215.92725;528.95044;387.7861;[50, 250]
121.19091;279.61978;215.59853;528.91284;387.9202;[50, 250]
120.0656;278.4915;216.40309;541.1839;385.72098;[50, 250]
121.17882;279.72244;216.21884;531.49756;387.55496;[50, 250]
120.48679;279.29758;215.32571;531.62805;383.82425;[50, 250]
121.395454;279.838;216.13318;529.4652;388.0718;[50, 250]
120.65948;279.40646;215.20282;531.3567;384.36954;[50, 250]
120.24834;278.01617;215.98503;539.60474;386.5122;[50, 250]
194.92455;269.05963;360.38452;481.40726;226.64813;[100, 250]
249.91063;96.98733;424.81775;355.12854;225.55692;[100, 250]
220.14851;168.31033;286.13098;404.41998;251.59789;[100, 250]
220.42397;166.4729;287.9385;412.78867;266.02505;[100, 250]
145.1639;239.42824;229.8153;479.5548;341.6729;[100, 250]
149.57825;240.71794;266.61722;489.09723;331.379;[100, 250]
144.0927;239.47821;228.27042;482.4231;339.80234;[100, 250]
143.93222;231.11848;230.95087;479.8214;260.4575;[100, 250]
144.99846;240.77296;229.20212;491.7212;343.1867;[100, 250]
185.2097;248.33318;364.7883;447.23975;221.0663;[150, 250]
182.48329;201.04851;249.51837;443.44714;287.9407;[150, 250]
180.16478;198.40292;252.10947;441.10913;292.17667;[150, 250]
180.79161;197.82072;253.0863;441.62543;291.36972;[150, 250]
184.48186;200.63927;249.8702;443.02124;290.38535;[150, 250]
188.36235;205.48808;245.58875;466.27896;296.22064;[150, 250]
179.87492;197.20589;251.47112;447.00128;292.63483;[150, 250]
179.51604;198.84352;251.17906;446.3703;291.94318;[150, 250]
181.19363;199.88579;249.94559;444.36658;292.16458;[150, 250]
180.97752;200.60905;250.03613;443.07794;291.62064;[150, 250]
221.10136;167.45883;287.1355;403.07227;251.17412;[200, 250]
220.75648;167.69847;284.9769;404.21988;251.12334;[200, 250]
220.21736;167.60342;285.8114;403.90472;250.71806;[200, 250]
220.90263;164.55956;286.91394;471.4481;250.37845;[200, 250]
221.31186;167.27362;286.12466;403.40033;248.89946;[200, 250]
220.93126;167.70789;285.20572;404.0467;247.6817;[200, 250]
220.46786;167.41945;286.42804;404.33722;250.05487;[200, 250]
221.80167;167.64098;285.36942;403.63928;248.90598;[200, 250]
220.7736;167.60182;286.48325;403.37625;250.57503;[200, 250]
231.34894;222.54962;377.48795;460.87396;215.00002;[250, 250]
256.12628;159.20142;319.61447;369.67432;207.98372;[250, 250]
252.8786;145.40425;324.6231;438.0321;206.56128;[250, 250]
361.9704;107.61089;196.13129;320.3722;376.45956;[250, 250]
282.23608;70.511055;253.14438;283.9038;256.76904;[250, 250]
264.51367;145.75893;325.01443;368.2243;206.76886;[250, 250]
260.49643;90.135826;279.5056;397.10245;253.45668;[250, 250]
269.7621;150.65361;323.99384;364.95172;207.90831;[250, 250]
264.0473;143.94926;325.84085;362.26743;205.36426;[250, 250]
265.51666;146.12819;324.9738;366.51663;209.1005;[250, 250]
257.23563;151.66603;314.5022;368.73926;212.6242;[250, 250]
383.1697;185.0936;411.73782;271.1654;165.32161;[300, 250]
312.45026;140.4181;358.4998;332.07385;167.2486;[300, 250]
312.12277;140.5212;361.08646;331.28168;167.61745;[300, 250]
312.45966;140.43172;357.9686;332.80817;167.31538;[300, 250]
312.06555;140.62492;356.78333;331.65826;167.44829;[300, 250]
336.06293;215.02832;352.2098;224.44252;302.51675;[300, 250]
312.96802;141.25285;360.50284;330.88446;167.09099;[300, 250]
313.62073;140.71715;359.05356;332.1693;167.44022;[300, 250]
314.0843;140.27345;364.11725;337.8557;168.7669;[300, 250]
374.80963;269.127;532.6969;294.78912;300.82925;[300, 250]
311.89594;140.88783;356.93912;332.73303;167.04272;[300, 250]
365.1623;156.5419;411.48093;304.3761;138.0238;[350, 250]
316.9546;141.16415;375.77762;326.59763;167.43433;[350, 250]
371.63513;131.14697;401.9395;298.63913;142.60742;[350, 250]
360.86148;152.8234;406.19934;300.73676;138.43839;[350, 250]
358.34702;151.89165;404.40732;301.32935;140.1487;[350, 250]
361.97217;152.33803;405.54276;300.68875;138.35165;[350, 250]
362.7522;149.81723;413.86612;301.5157;138.32146;[350, 250]
362.92856;41.042698;313.19363;264.698;247.64142;[350, 250]
404.47528;201.71669;457.67496;275.95282;119.57124;[400, 250]
411.69373;177.57228;458.003;274.68945;119.8918;[400, 250]
509.4076;285.17947;420.0922;231.64925;368.08994;[400, 250]
600.6593;267.9611;530.1314;56.281036;336.13843;[400, 250]
407.12796;175.92162;434.9753;219.08478;136.41653;[400, 250]
446.15167;145.21414;385.78986;153.77979;132.50677;[400, 250]
468.54367;158.69801;405.22726;120.62531;316.64148;[400, 250]
420.9371;175.63913;446.406;275.68192;122.259674;[400, 250]
409.04517;181.10092;452.1521;277.4956;120.02926;[400, 250]
406.48016;171.9944;427.80557;270.14914;120.9926;[400, 250]
591.18384;262.0268;538.6563;182.4935;162.4361;[450, 250]
393.87286;72.07551;358.42325;225.26834;231.55531;[450, 250]
455.85223;217.70207;488.4064;260.93048;122.996796;[450, 250]
488.83875;282.57678;552.24994;300.86;104.03208;[450, 250]
441.24164;192.11876;323.17325;264.41083;127.44335;[450, 250]
398.01175;69.81811;358.92307;229.27988;221.88513;[450, 250]
451.9637;231.01836;499.19052;259.77112;124.18982;[450, 250]
413.34116;212.57576;413.45132;231.42503;205.0466;[450, 250]
468.37985;216.13918;476.82285;258.1836;126.01964;[450, 250]
453.38907;216.31705;484.43146;251.48907;122.203835;[450, 250]
483.86398;277.18713;539.7873;281.37946;144.46619;[450, 250]
454.61423;218.9298;492.2737;261.5785;121.80638;[450, 250]
453.75494;219.73608;491.73755;261.26953;121.486336;[450, 250]
446.5605;217.29433;414.6501;263.05435;128.75647;[450, 250]
495.96173;251.76021;526.8153;250.58241;144.04474;[500, 250]
498.3381;252.89165;523.43646;250.01086;145.27621;[500, 250]
496.40576;253.11131;524.2942;250.49004;144.40872;[500, 250]
495.4396;252.56235;524.8429;251.22902;144.37723;[500, 250]
497.82513;252.53145;524.9522;249.69623;143.66803;[500, 250]
495.21326;251.96469;526.36774;250.54868;144.08963;[500, 250]
499.0113;252.71223;525.52155;249.0871;144.29895;[500, 250]
499.23517;252.88106;529.07367;249.72;143.36981;[500, 250]
498.8852;252.7702;529.35974;249.82039;143.57147;[500, 250]
499.16962;252.14761;522.81195;245.55638;161.24445;[500, 250]
557.6649;309.4427;571.94305;255.69739;181.02716;[550, 250]
554.9715;309.7893;573.43744;253.96928;182.61194;[550, 250]
561.10736;286.14273;557.6148;255.10321;174.78201;[550, 250]
354.40555;327.5202;543.5192;478.58047;105.615036;[550, 250]
555.62146;308.82605;563.79065;93.73212;215.37773;[550, 250]
493.8272;123.14976;342.16922;168.31589;378.50327;[550, 250]
548.49664;303.24927;557.8004;256.197;174.86072;[550, 250]
550.68317;295.06747;585.60956;246.7402;173.34464;[550, 250]
383.65796;284.25958;523.0936;471.6057;188.86469;[550, 250]
541.96625;321.15298;579.61847;253.47546;185.13504;[550, 250]
572.122;281.85785;549.9815;244.95467;176.74207;[550, 250]
221.27684;243.72194;108.62428;437.67267;418.5458;[50, 300]
168.43486;256.93628;163.84436;508.01303;392.91354;[50, 300]
170.87465;255.93394;164.9666;499.9407;405.24875;[50, 300]
172.57211;260.21243;163.7504;502.44;405.47714;[50, 300]
171.49712;255.22382;165.4383;500.5092;409.78186;[50, 300]
181.77962;251.98296;162.82399;499.9704;403.78568;[50, 300]
281.1776;262.738;167.11165;495.771;409.91397;[50, 300]
213.74112;262.78577;167.43327;498.3891;407.3049;[50, 300]
170.95226;261.25195;168.59064;496.73535;405.3862;[50, 300]
169.25468;256.10944;165.51064;498.76868;401.56143;[50, 300]
168.69543;258.46124;164.29489;508.35394;401.13297;[50, 300]
167.35052;261.50204;167.7272;500.19415;400.3146;[50, 300]
204.61043;228.4511;157.33624;499.65027;417.3038;[50, 300]
185.78702;210.6505;188.07794;465.00516;364.3811;[100, 300]
277.91168;104.5062;123.840675;433.9458;392.83987;[100, 300]
190.68333;97.595;194.12152;439.87512;357.76517;[100, 300]
188.79868;212.78078;181.53171;461.02835;362.76874;[100, 300]
271.8276;199.9793;287.68182;377.82156;358.91812;[100, 300]
187.49406;211.65393;187.1311;462.4359;359.10483;[100, 300]
286.24;209.19682;275.15472;438.17688;360.9503;[100, 300]
286.10492;204.02979;194.39069;443.16376;358.7599;[100, 300]
187.43213;208.84798;188.00006;446.3755;359.9822;[100, 300]
282.1319;208.80675;214.26744;441.6544;359.3313;[100, 300]
183.54698;212.04541;185.85146;475.2312;363.4894;[100, 300]
186.69359;200.44492;211.96848;434.95776;360.6956;[100, 300]
243.28838;204.0199;191.78821;446.73175;428.86127;[100, 300]
236.48392;202.01404;271.4721;421.53723;313.63333;[150, 300]
215.86826;181.07735;217.0561;433.9641;318.97235;[150, 300]
214.62119;167.80135;215.95627;419.96768;316.9729;[150, 300]
214.46591;167.95103;217.64326;420.81537;316.88254;[150, 300]
213.95558;162.75142;215.30327;417.08298;319.20407;[150, 300]
215.80305;168.66951;215.03307;419.80032;318.2001;[150, 300]
214.98338;168.07039;215.91592;420.646;317.3713;[150, 300]
215.15959;168.23872;215.38695;420.2203;317.72067;[150, 300]
159.87294;182.296;216.91258;453.79175;319.15005;[150, 300]
215.49812;168.31834;215.7309;419.52682;318.6382;[150, 300]
251.17097;126.41122;244.60088;377.1762;275.8489;[200, 300]
250.95854;126.612854;248.15514;378.1472;276.4081;[200, 300]
252.267;125.90748;246.98428;378.18503;275.84305;[200, 300]
251.33142;126.3567;247.84952;378.25177;275.76663;[200, 300]
251.47548;126.27201;246.61078;376.95697;277.04984;[200, 300]
287.20892;96.95954;290.41113;336.12045;237.60806;[250, 300]
283.253;96.79296;287.98953;338.95435;239.03844;[250, 300]
286.5343;96.668495;287.25964;337.31958;239.60797;[250, 300]
285.79462;97.22855;292.8077;336.08832;238.813;[250, 300]
288.23178;97.03188;289.66058;337.474;239.36118;[250, 300]
402.67245;167.48619;295.68402;359.70926;229.37544;[250, 300]
290.27963;96.82499;292.1386;336.44208;238.04889;[250, 300]
290.66058;97.078835;289.01895;337.8778;238.13132;[250, 300]
287.0572;141.14024;290.6965;437.6974;363.916;[250, 300]
376.2834;102.58039;293.36624;351.27112;235.60645;[250, 300]
289.03275;96.554565;288.72452;338.62213;238.35284;[250, 300]
284.46622;96.952934;288.40573;337.9486;239.21082;[250, 300]
289.49252;97.036316;290.73477;336.60095;238.81827;[250, 300]
292.2276;97.06515;290.30713;337.47534;237.39331;[250, 300]
410.726;218.95813;477.47485;320.38892;72.952576;[300, 300]
344.74652;87.58369;498.72205;403.22003;136.15274;[300, 300]
338.62006;87.898895;335.68484;293.7246;205.48029;[300, 300]
340.82184;89.55787;343.22485;306.74014;209.22182;[300, 300]
338.8603;87.92305;339.82272;289.85962;206.20949;[300, 300]
338.8405;151.6733;392.7164;350.98883;78.65954;[300, 300]
433.85648;85.38648;385.52493;177.22057;312.92142;[350, 300]
389.77878;109.27842;386.04633;260.71906;182.41559;[350, 300]
375.18683;107.88886;382.2616;262.2635;182.53229;[350, 300]
436.919;84.30568;380.84592;198.86172;111.3876;[350, 300]
376.98645;108.27354;381.57358;261.64355;182.33575;[350, 300]
373.95667;107.97344;382.13953;262.49487;182.04591;[350, 300]
383.89026;108.37861;386.76596;262.47076;182.53397;[350, 300]
378.78818;108.242744;386.361;260.47186;182.72585;[350, 300]
387.195;71.01729;359.4755;237.05486;223.93076;[350, 300]
381.84213;107.78942;382.61984;261.22662;182.42532;[350, 300]
374.70712;108.212776;380.8636;262.14957;182.28024;[350, 300]
373.60645;108.28645;383.7799;262.53415;182.47423;[350, 300]
374.26434;107.904396;382.66284;261.84497;182.23604;[350, 300]
369.64075;108.65986;381.93384;262.78055;182.15228;[350, 300]
369.7132;109.27437;381.28082;262.41132;182.55507;[350, 300]
431.3151;109.30819;382.55252;261.39716;181.67123;[350, 300]
379.5011;107.36375;384.01187;261.21362;182.3672;[350, 300]
377.48132;149.2109;403.56375;299.95154;145.99997;[350, 300]
397.65967;107.15877;390.14453;261.72092;181.65244;[350, 300]
376.61176;153.13478;385.807;275.60153;158.2502;[350, 300]
389.02487;150.75005;423.97104;310.7108;69.03386;[350, 300]
370.18634;106.01379;380.83572;263.9923;183.47693;[350, 300]
511.4967;226.3433;511.75238;203.1927;182.34833;[400, 300]
433.02148;137.75378;416.3356;236.20107;169.7583;[400, 300]
359.71436;151.17197;404.4755;299.25714;143.83061;[400, 300]
433.1615;139.2107;414.64157;212.75891;177.3728;[400, 300]
436.05527;118.45339;244.98871;265.8509;161.69751;[400, 300]
427.39954;142.28973;420.79486;232.4132;169.34723;[400, 300]
470.25803;186.29741;461.01904;209.84149;170.88397;[450, 300]
469.83826;185.90767;459.41696;209.4841;170.41895;[450, 300]
477.59824;186.53297;468.15762;207.1575;178.30824;[450, 300]
470.07144;185.61594;459.2147;209.92072;169.79199;[450, 300]
472.02225;185.282;462.80414;207.51868;173.87398;[450, 300]
480.89398;186.2802;463.67743;208.47537;170.90756;[450, 300]
469.99066;185.84776;460.85483;209.43774;170.65009;[450, 300]
494.69574;186.57317;478.08267;205.37091;173.17561;[500, 300]
517.42847;223.33873;508.1935;205.9007;179.0216;[500, 300]
519.0849;219.25346;499.6899;198.41672;186.19952;[500, 300]
514.3681;224.1066;500.07648;207.67181;178.10794;[500, 300]
499.54578;227.5711;518.44086;194.04805;202.63322;[500, 300]
512.8373;227.88622;508.2931;199.41156;187.08005;[500, 300]
517.3279;220.32063;505.06888;204.70772;177.55353;[500, 300]
549.2667;266.85703;432.51938;200.34091;222.49713;[550, 300]
572.5057;274.3826;544.4427;205.30191;210.67091;[550, 300]
551.9827;172.0794;504.44443;85.75757;315.1064;[550, 300]
553.08514;277.20654;553.69354;201.72302;210.98532;[550, 300]
550.83234;274.80573;555.118;201.87549;211.24503;[550, 300]
567.85345;272.2411;548.17;202.97658;212.4847;[550, 300]
557.6311;275.58813;552.2515;200.85832;211.0612;[550, 300]
559.7206;276.04965;552.97076;201.60165;211.0999;[550, 300]
214.18993;255.48308;108.743034;498.4699;424.53775;[50, 350]
226.4383;245.83781;112.64953;492.81342;425.9008;[50, 350]
346.2986;245.61148;126.3482;483.2013;433.1934;[50, 350]
218.71764;246.67542;116.51832;492.54056;426.08334;[50, 350]
224.4655;199.03572;141.5202;482.08887;386.65213;[50, 350]
273.0106;246.255;79.32375;495.46674;434.65338;[50, 350]
218.40825;246.41435;114.34053;490.796;429.91763;[50, 350]
219.39424;249.53711;117.02626;498.20743;410.76913;[50, 350]
217.11635;246.88335;115.22164;489.6994;423.16663;[50, 350]
365.51407;245.2288;302.46692;448.36597;401.39816;[50, 350]
226.62854;200.97615;140.42339;435.91437;400.33447;[100, 350]
231.41243;198.15135;142.1718;443.28967;386.66577;[100, 350]
228.44386;207.64467;142.23201;464.44626;373.25134;[100, 350]
223.76178;192.24803;141.39322;440.1024;386.39896;[100, 350]
238.28981;197.8718;141.76982;443.1925;382.09915;[100, 350]
216.51721;166.14716;217.46327;424.48264;314.28384;[100, 350]
216.23982;176.81729;216.42966;423.49725;314.55658;[100, 350]
180.87502;197.2142;247.60812;441.24643;344.8331;[100, 350]
321.3999;91.20461;186.76123;363.45673;346.40054;[100, 350]
226.06364;177.46605;143.14203;437.09286;301.71436;[100, 350]
232.51155;197.01884;140.92612;445.784;388.61447;[100, 350]
254.47263;142.93456;181.201;398.51044;342.12842;[150, 350]
252.94414;145.39397;181.14287;397.8194;345.89938;[150, 350]
193.78642;143.27892;198.51828;350.3215;332.00705;[150, 350]
211.76971;162.16664;287.65195;428.47552;240.16818;[150, 350]
251.7375;145.55873;179.88496;403.90765;348.16525;[150, 350]
324.04565;90.79423;196.29971;366.15405;344.22473;[150, 350]
260.97586;146.99678;182.5155;397.27264;336.23544;[150, 350]
254.69339;145.0686;176.53642;397.0429;344.55685;[150, 350]
237.06038;153.36661;197.8175;410.01984;328.76398;[150, 350]
325.7499;90.690475;186.27127;396.2759;347.72385;[150, 350]
252.55548;146.82942;181.00815;406.65063;338.6027;[150, 350]
412.9403;142.81606;192.58487;321.86755;421.9727;[150, 350]
254.4416;145.56058;175.77216;400.85547;347.61963;[150, 350]
293.08057;105.90428;205.92715;357.94373;362.09573;[200, 350]
282.2982;96.06245;213.75656;360.7445;314.04816;[200, 350]
371.80533;198.628;208.06473;422.5293;401.01547;[200, 350]
303.05365;97.64638;203.93396;338.9433;313.5322;[200, 350]
214.53079;152.92229;220.07034;415.2066;315.01065;[200, 350]
285.73444;80.61141;237.91278;351.64737;290.60123;[200, 350]
304.6126;95.76197;213.25006;339.15936;310.01633;[200, 350]
259.34607;97.78642;223.77368;364.04333;308.44006;[200, 350]
289.0046;97.164345;219.82008;357.10504;312.62524;[200, 350]
320.4629;92.619514;209.978;343.35797;314.98788;[200, 350]
258.8258;107.71579;231.14545;364.45898;283.7479;[200, 350]
287.89212;96.76382;219.70319;354.9835;310.95383;[200, 350]
352.46686;56.414948;261.7941;309.76706;279.78116;[250, 350]
322.74942;56.31929;260.3553;309.85883;273.28967;[250, 350]
325.2594;56.556908;270.7211;305.08804;275.7393;[250, 350]
409.36923;57.132217;249.91455;309.01505;397.16434;[250, 350]
321.91718;56.33969;266.5499;307.83203;276.28574;[250, 350]
322.3766;56.460938;265.92484;307.9579;276.21164;[250, 350]
323.88782;56.835655;262.2927;304.8679;275.67358;[250, 350]
322.4925;56.875656;267.06253;306.63666;275.10028;[250, 350]
321.8424;56.613632;260.63248;311.72812;276.4874;[250, 350]
365.40656;41.30505;309.90347;262.5794;247.27869;[300, 350]
363.07028;40.826874;314.34134;265.331;247.99118;[300, 350]
363.69266;40.551994;315.2742;263.535;246.94254;[300, 350]
362.13464;41.23101;312.52063;262.22086;247.89798;[300, 350]
364.12115;40.363224;314.816;265.2238;247.31091;[300, 350]
362.96198;40.909286;314.1552;266.00763;248.67003;[300, 350]
362.67685;137.92691;395.86203;278.1623;162.04355;[300, 350]
362.61212;41.127316;312.69003;263.50168;247.89856;[300, 350]
362.72754;40.824173;314.10223;265.2746;247.82256;[300, 350]
362.3636;41.377125;311.6929;265.37164;247.76767;[300, 350]
363.15125;41.11695;316.26596;269.12576;247.20905;[300, 350]
402.2871;71.40772;356.4478;226.47247;229.52472;[350, 350]
403.167;72.29417;360.39746;225.56448;228.43088;[350, 350]
401.4193;72.122765;358.06137;225.06705;228.21402;[350, 350]
404.84015;71.60605;359.34445;225.2268;227.78206;[350, 350]
399.44986;71.75002;380.97086;223.61102;227.293;[350, 350]
403.9386;67.4237;353.81094;233.42789;224.84995;[350, 350]
400.48077;205.83594;438.06815;322.74158;112.8728;[350, 350]
400.98895;71.89666;360.64883;224.55167;227.37955;[350, 350]
403.51767;71.49978;359.68704;225.44373;227.62796;[350, 350]
401.37164;71.05189;402.0187;224.9577;115.74606;[350, 350]
396.82916;71.63722;363.49765;222.63177;226.29974;[350, 350]
391.7549;172.42723;429.8033;265.8512;99.308174;[350, 350]
432.8369;118.433624;412.4648;190.0444;218.38391;[400, 350]
438.4367;116.77802;405.57184;191.47061;219.26596;[400, 350]
441.22485;116.34446;409.71555;193.27959;216.55421;[400, 350]
444.38724;116.452126;406.40555;191.57216;220.39343;[400, 350]
441.27667;116.05999;408.236;192.47469;218.85873;[400, 350]
471.73395;191.7346;489.23697;197.13078;192.76974;[400, 350]
440.61584;116.405464;407.16647;189.6961;221.63824;[400, 350]
442.02972;116.26914;409.32944;189.31506;221.47043;[400, 350]
444.99088;116.857925;404.0828;196.1555;219.15253;[400, 350]
443.1691;116.70761;403.91763;192.9227;221.12924;[400, 350]
440.76752;116.428535;409.98105;188.81348;220.26855;[400, 350]
443.7317;116.031006;407.4968;190.81863;219.33228;[400, 350]
443.13263;116.19106;411.82037;192.25711;220.63936;[400, 350]
442.23694;116.023155;408.8032;191.39305;219.47528;[400, 350]
443.1991;115.17405;409.02716;192.12167;220.37889;[400, 350]
485.48114;163.68787;442.8668;165.27701;222.34567;[450, 350]
484.5484;163.7327;442.84543;165.0091;220.66782;[450, 350]
486.26874;164.38293;441.3748;165.08481;221.16785;[450, 350]
592.9835;235.05855;490.05862;59.43069;311.86734;[450, 350]
484.89508;164.18633;442.39374;165.02084;222.21962;[450, 350]
485.7328;164.47827;445.27237;164.9987;222.67993;[450, 350]
536.89026;214.2097;494.73907;149.44182;232.77773;[500, 350]
523.2679;213.3706;493.75818;150.74014;233.05026;[500, 350]
528.555;215.29167;494.0267;150.14346;231.26016;[500, 350]
536.8822;214.91621;494.0234;149.77371;233.03719;[500, 350]
532.5909;217.20386;492.97705;151.59444;230.22894;[500, 350]
529.0114;212.97066;494.1859;149.78508;232.33536;[500, 350]
646.255;284.06296;538.68805;30.333145;388.92404;[550, 350]
574.53546;263.65292;545.90326;150.69797;253.81604;[550, 350]
577.0106;263.66656;544.08575;151.48938;256.01666;[550, 350]
558.39777;264.20456;544.66956;148.23099;254.78342;[550, 350]
567.46735;263.59967;544.6197;151.72322;255.02222;[550, 350]
577.9138;263.32486;545.265;150.89723;254.63922;[550, 350]
585.002;263.5301;539.213;150.81927;257.42313;[550, 350]
581.8582;262.5671;545.42633;151.84227;255.0858;[550, 350]
574.8964;264.2891;543.56476;150.88971;255.82414;[550, 350]
582.45276;263.0279;544.8802;150.08221;256.16647;[550, 350]
269.1374;204.55714;96.55811;465.0473;429.16907;[50, 400]
272.9114;246.7683;76.45189;471.9014;445.00735;[50, 400]
320.7718;243.9373;85.80909;457.30725;460.30154;[50, 400]
220.30531;254.32716;54.228664;489.65613;453.84006;[50, 400]
318.02896;231.79482;51.814533;440.2367;463.1206;[50, 400]
273.41653;233.24165;77.363464;470.9886;450.79956;[50, 400]
273.5889;240.98466;82.99273;450.22195;447.36575;[50, 400]
273.2904;219.26175;91.89225;440.66898;438.6041;[50, 400]
316.81006;246.03596;84.16013;453.39655;454.44885;[50, 400]
282.02527;243.08356;95.81173;455.86655;427.22855;[50, 400]
323.12125;241.9369;46.07114;465.55597;456.46613;[50, 400]
271.16446;243.81375;70.8826;473.00806;454.935;[50, 400]
270.33154;248.83168;58.572086;471.08835;460.5618;[50, 400]
273.9706;199.90533;105.23624;431.5453;430.87823;[100, 400]
284.39438;190.28366;106.56441;435.37152;422.07037;[100, 400]
280.1449;190.68929;104.90101;431.48676;412.97916;[100, 400]
273.65533;188.34933;101.528114;446.81656;416.63226;[100, 400]
280.82758;192.01054;104.21135;432.26154;414.13235;[100, 400]
172.32834;257.75696;167.63855;481.54446;406.25082;[100, 400]
280.25848;192.19606;104.80335;432.1115;413.69302;[100, 400]
280.56897;192.74437;105.26261;426.48572;245.83342;[100, 400]
298.83777;139.98839;152.65465;383.6684;380.6381;[150, 400]
323.2246;128.91884;152.56003;376.1163;373.5737;[150, 400]
298.6525;139.99544;152.74826;383.2108;380.5588;[150, 400]
298.49884;139.87497;152.37903;383.64734;380.32498;[150, 400]
299.33624;139.76454;152.14096;380.63742;380.6016;[150, 400]
299.4181;139.8099;152.33218;383.0512;380.51575;[150, 400]
298.52713;139.96872;151.108;380.94543;382.0848;[150, 400]
353.96414;222.98291;102.98618;416.5121;467.3616;[150, 400]
299.22327;139.83545;152.33817;382.6496;380.7986;[150, 400]
299.0972;140.0901;152.15933;382.31738;381.7657;[150, 400]
298.6796;140.00328;152.7195;383.8579;380.40335;[150, 400]
295.5702;140.8454;151.03458;403.64636;391.7605;[150, 400]
324.2787;140.32199;151.3885;375.54932;374.4901;[150, 400]
298.66098;139.88576;152.43092;383.59656;380.58072;[150, 400]
298.74548;139.9837;152.58044;383.94275;380.40488;[150, 400]
266.72867;123.22561;184.36761;353.81396;348.57812;[200, 400]
324.64288;90.38836;199.09042;335.30096;346.2892;[200, 400]
324.83118;90.420975;199.20581;335.74573;346.27094;[200, 400]
323.09995;91.376854;203.47119;340.74496;342.47412;[200, 400]
323.93768;91.17495;202.04788;341.5952;343.24612;[200, 400]
324.73004;90.28249;199.71684;335.46014;346.41788;[200, 400]
323.67078;90.93452;197.74211;336.03125;346.86148;[200, 400]
326.07312;90.51969;197.37827;335.88983;344.87808;[200, 400]
324.4937;90.585464;200.49611;334.25357;347.11252;[200, 400]
331.1144;92.3119;206.27066;340.12555;341.19574;[200, 400]
380.358;41.08232;244.06827;292.83496;319.698;[250, 400]
355.0103;40.83139;245.50711;293.09006;327.8804;[250, 400]
322.13214;91.81252;196.14844;342.83704;346.3452;[250, 400]
361.2957;40.466003;246.64911;284.56696;317.90674;[250, 400]
357.30865;40.16092;246.18747;288.33862;318.03622;[250, 400]
395.7294;14.222998;296.52536;241.41235;292.16473;[300, 400]
408.2716;18.434345;340.9058;241.73306;277.27426;[300, 400]
393.78894;14.8566475;297.95755;242.38383;295.1691;[300, 400]
393.02454;14.416044;297.36996;241.98616;295.8492;[300, 400]
393.3995;14.656473;297.46954;241.04584;294.6464;[300, 400]
392.9089;14.631342;296.1547;241.76779;293.2574;[300, 400]
417.89166;13.12962;296.9794;238.3492;291.73608;[300, 400]
393.45578;14.576771;297.423;242.65753;292.50253;[300, 400]
392.3023;13.910624;295.97958;241.46996;278.59433;[300, 400]
416.12656;15.046518;296.42642;235.75726;294.47867;[300, 400]
396.29224;14.292072;296.49203;238.55917;292.69418;[300, 400]
394.8202;14.511776;297.9792;243.37674;292.72748;[300, 400]
394.26465;14.618704;297.79077;237.8335;293.8558;[300, 400]
395.8934;20.300037;296.00104;227.06018;292.453;[300, 400]
396.17487;13.911476;297.02255;237.9489;293.5814;[300, 400]
482.2523;62.65948;354.2065;184.51228;261.81125;[350, 400]
430.92075;60.94046;346.69962;196.01472;276.17618;[350, 400]
450.3264;214.25743;476.03354;204.32675;271.95163;[350, 400]
431.21002;60.90947;346.56284;195.95514;276.29477;[350, 400]
433.79175;60.73877;350.8676;196.25014;275.76907;[350, 400]
432.5151;60.84984;347.46054;196.05815;277.16953;[350, 400]
432.45395;60.82319;347.4345;196.05576;276.81302;[350, 400]
432.4527;60.354332;347.33533;195.43442;276.95215;[350, 400]
437.00366;60.353027;347.35217;192.73764;277.0591;[350, 400]
432.59357;60.876766;347.09897;195.91014;277.11407;[350, 400]
431.4179;60.348312;346.93503;195.2463;276.65933;[350, 400]
467.63776;109.67722;396.99448;155.52786;268.63754;[400, 400]
476.27762;110.14214;405.5367;153.77744;268.35507;[400, 400]
500.10403;218.62398;466.05484;118.36869;269.5853;[400, 400]
472.14294;109.83187;400.45273;156.11015;270.34628;[400, 400]
413.61536;180.79546;424.91104;204.52873;282.62827;[450, 400]
544.02997;220.65231;447.43588;58.816013;327.38937;[450, 400]
530.0101;160.2959;412.60123;119.72277;364.20084;[450, 400]
519.8068;153.06374;414.22186;124.414444;298.90213;[450, 400]
515.4325;157.84398;407.9957;120.26572;304.14;[450, 400]
338.91016;88.16235;341.3809;296.64862;207.28827;[450, 400]
577.46136;180.1685;481.69562;57.12597;327.85373;[450, 400]
528.30756;163.21559;443.90012;123.512276;248.45798;[450, 400]
507.96735;195.3065;488.16373;110.88718;276.63516;[450, 400]
451.5964;105.991196;469.03976;293.64404;129.98088;[450, 400]
555.6364;170.91724;449.04474;83.20523;314.40884;[450, 400]
487.0071;161.91261;454.03555;111.43085;271.21512;[450, 400]
547.11835;168.88646;466.77435;107.67653;291.40082;[450, 400]
527.7552;125.21616;453.5013;166.6838;374.50528;[500, 400]
555.0162;214.91917;492.34476;100.35033;278.64243;[500, 400]
526.24713;212.17207;467.54684;112.013245;275.05447;[500, 400]
563.17865;214.31532;490.11185;101.03168;277.95245;[500, 400]
566.89044;219.33092;488.04953;55.87963;319.58636;[500, 400]
551.9764;215.94928;486.9614;101.27618;276.39536;[500, 400]
548.2279;214.42308;487.5021;101.91709;276.82416;[500, 400]
526.24713;212.17207;467.54684;112.013245;275.05447;[500, 400]
551.65546;214.69167;499.3133;100.89047;277.72147;[500, 400]
556.43115;214.92863;486.55576;101.19163;279.70792;[500, 400]
554.6706;211.25497;487.44604;54.93109;335.97235;[500, 400]
576.14813;193.64574;475.45206;67.15755;371.95312;[550, 400]
592.2575;260.43762;511.99173;102.06098;299.36557;[550, 400]
591.5893;243.8474;501.77408;102.565414;297.45132;[550, 400]
561.10425;250.65869;502.93753;144.16066;297.01486;[550, 400]
592.8343;236.75436;496.79294;101.47002;293.13266;[550, 400]
600.05145;255.75809;536.1479;103.664;296.97375;[550, 400]
601.9094;263.53253;531.8787;98.97874;308.71722;[550, 400]
595.7898;230.39037;534.38;103.850105;297.23416;[550, 400]
599.3913;257.41696;537.17694;101.77892;301.07037;[550, 400]
594.32666;257.70584;542.1224;103.38141;298.22574;[550, 400]
604.25433;256.30344;515.66327;101.57265;297.5806;[550, 400]
296.89722;244.45969;94.36352;476.3591;448.20715;[50, 450]
398.3295;141.37245;195.49484;315.34625;443.9848;[50, 450]
168.30055;258.5343;165.17047;500.31738;406.99185;[50, 450]
319.8493;248.32451;61.505596;473.31683;459.1663;[50, 450]
271.66052;250.15843;134.33098;488.281;413.68097;[50, 450]
314.37924;243.55453;59.107014;469.32925;452.9431;[50, 450]
319.8206;246.87971;39.389385;461.62256;490.20123;[50, 450]
326.46884;251.52565;39.779312;473.02972;490.69907;[50, 450]
305.53574;254.2303;47.476036;485.56287;476.57657;[50, 450]
321.62466;246.7034;44.796947;451.6328;455.20963;[50, 450]
301.9277;255.52734;46.39832;492.49683;453.0927;[50, 450]
319.01044;244.95563;45.207386;463.63336;470.46976;[50, 450]
317.60022;250.20222;39.56278;470.27335;482.98886;[50, 450]
315.7232;248.2772;37.87483;465.70612;484.93094;[50, 450]
464.46457;175.99399;297.83322;164.1083;389.34668;[100, 450]
373.2029;145.89134;132.78348;363.8615;422.66116;[100, 450]
271.05573;242.55385;71.42861;471.60754;450.90762;[100, 450]
273.368;209.39476;88.450325;453.27368;418.21237;[100, 450]
361.34985;257.52826;48.72823;468.22223;511.43732;[100, 450]
334.05347;204.54927;79.535095;438.273;467.85535;[100, 450]
320.56177;241.14223;80.46165;450.14246;450.39536;[100, 450]
326.83984;200.75517;96.08632;431.13196;441.67215;[100, 450]
318.43546;251.45737;38.503174;468.3034;478.14462;[100, 450]
400.7116;140.74266;88.51852;410.31094;435.0824;[100, 450]
325.2296;215.83626;89.380486;438.27698;454.91068;[100, 450]
325.031;205.47919;86.92263;428.60498;433.66824;[100, 450]
329.60477;201.353;119.741905;423.75507;422.0477;[100, 450]
327.2235;205.19478;96.88457;426.47113;442.57224;[100, 450]
402.1978;141.82878;216.23256;324.55603;383.13535;[100, 450]
342.0475;146.02217;176.55066;379.19305;413.55118;[150, 450]
287.97617;146.20842;175.36601;393.5737;351.91672;[150, 450]
413.63208;142.43536;193.30345;320.21844;426.01755;[150, 450]
333.85532;40.618824;245.42627;294.1441;320.05316;[150, 450]
349.8085;150.64497;172.74036;378.20795;414.61072;[150, 450]
255.54112;148.69772;178.45862;394.9394;348.23703;[150, 450]
344.5897;151.69957;143.27383;372.37646;415.80615;[150, 450]
345.04056;150.95818;139.07724;376.35706;417.6986;[150, 450]
354.21112;146.85002;147.1368;330.7497;424.94852;[150, 450]
343.60938;150.36824;141.6814;373.27368;416.0388;[150, 450]
348.84302;90.05602;197.7399;328.66852;348.11328;[200, 450]
362.62732;108.35226;234.7592;292.6589;389.82556;[200, 450]
366.4176;106.74172;192.81773;323.36093;382.67673;[200, 450]
365.50723;104.72907;196.83365;322.9006;369.30743;[200, 450]
362.6925;107.534355;193.73969;323.45557;384.2849;[200, 450]
365.7693;108.148506;194.06393;322.21014;387.0988;[200, 450]
360.52533;110.697205;193.20953;349.9165;392.84726;[200, 450]
372.06793;186.75957;435.77554;348.88583;73.921036;[250, 450]
194.96336;203.46742;388.05615;458.56604;216.54091;[250, 450]
399.4147;71.85758;243.6694;273.8312;364.99817;[250, 450]
357.0661;145.10971;275.97763;370.03375;330.99643;[250, 450]
395.61484;73.0418;243.51263;274.48486;364.1335;[250, 450]
396.55078;71.96166;242.18297;276.78574;363.8089;[250, 450]
399.9494;72.60668;243.28966;275.43115;364.97708;[250, 450]
396.82825;72.33163;243.1416;277.19473;362.72296;[250, 450]
398.1087;71.66669;243.9822;273.02332;365.16647;[250, 450]
396.99405;72.021515;242.4974;276.48334;364.0399;[250, 450]
398.0329;72.11573;242.62878;276.115;363.34122;[250, 450]
398.85114;72.35897;242.96306;275.8941;363.51566;[250, 450]
398.44342;72.42628;243.7911;274.80615;363.37454;[250, 450]
397.99683;72.09395;243.54321;275.279;361.71753;[250, 450]
432.75626;60.431305;294.51505;224.16296;341.43417;[300, 450]
419.20782;60.396454;294.73105;228.43477;340.141;[300, 450]
433.1584;60.40538;294.65933;223.86995;341.43344;[300, 450]
427.87;86.48182;295.4897;227.5856;340.53622;[300, 450]
433.21304;60.25332;294.2809;225.1211;341.5184;[300, 450]
432.6731;60.852364;295.3302;224.87349;342.14243;[300, 450]
433.3202;60.472855;294.85077;224.44907;341.73618;[300, 450]
431.72543;60.677246;295.52377;225.12119;341.7858;[300, 450]
431.74808;60.52156;294.4526;226.59027;342.1413;[300, 450]
404.17755;71.269264;355.2943;232.94705;277.2287;[350, 450]
461.07513;85.012886;356.69214;176.86424;326.85434;[350, 450]
461.41348;84.63296;341.47955;176.18877;326.10077;[350, 450]
462.28174;84.86258;343.6145;175.7743;326.8384;[350, 450]
461.422;84.87169;341.83524;176.1806;326.41574;[350, 450]
461.24478;84.39596;343.10153;176.02173;326.23505;[350, 450]
453.30975;84.163155;345.4545;175.41898;325.32248;[350, 450]
461.76694;84.92385;343.17526;176.23235;326.31955;[350, 450]
502.69196;123.89299;379.73764;125.12875;320.31842;[400, 450]
502.95148;125.44334;395.58694;127.252106;319.75067;[400, 450]
504.84296;124.61114;395.0201;125.46557;320.43802;[400, 450]
525.09015;173.32448;435.7054;85.355225;319.3854;[400, 450]
505.76904;124.41213;394.3622;127.62169;319.50302;[400, 450]
495.05002;122.77743;403.13525;230.41708;307.83548;[400, 450]
445.94907;98.69103;356.95853;329.79126;290.53793;[400, 450]
528.1647;173.2914;438.09164;85.62073;321.3151;[400, 450]
502.50076;125.16279;395.34573;126.65426;318.88834;[400, 450]
504.36957;125.23125;395.9031;127.165344;319.56253;[400, 450]
413.9842;211.60829;433.20236;276.84854;148.17165;[400, 450]
537.43634;174.78032;441.6195;85.45391;319.72946;[450, 450]
528.5133;183.89989;448.17337;255.15695;317.33405;[450, 450]
549.70166;258.39493;549.7386;201.8536;210.45288;[450, 450]
544.1197;172.53665;433.86765;86.80617;306.26303;[450, 450]
527.51996;174.95308;443.97357;85.03027;319.9751;[450, 450]
534.1337;175.03198;439.00558;85.53163;320.593;[450, 450]
534.11346;175.05013;439.64896;85.00772;321.3186;[450, 450]
565.07916;226.85481;464.16992;149.6354;270.67746;[450, 450]
543.5915;171.61198;437.4094;85.42072;322.7722;[450, 450]
560.91;182.39462;453.36053;85.297005;317.07956;[450, 450]
337.41165;249.82051;464.9223;388.0248;71.907234;[500, 450]
569.18176;221.7682;507.73752;118.745094;224.70085;[500, 450]
546.88043;215.2079;478.0064;56.010025;296.7617;[500, 450]
586.685;221.38365;482.58755;52.556736;327.3074;[500, 450]
568.9633;221.32967;490.26602;53.401203;322.7058;[500, 450]
578.24915;221.00597;485.85703;52.78717;328.7334;[500, 450]
569.6716;219.50954;489.70108;55.930595;327.117;[500, 450]
582.528;222.63243;489.78735;51.80672;330.88077;[500, 450]
571.17633;220.07954;487.8959;53.40462;330.61545;[500, 450]
577.9343;220.22157;483.22803;53.389725;329.0124;[500, 450]
617.1396;270.274;541.75183;56.31544;348.62686;[550, 450]
624.7668;269.46826;536.6212;56.367817;340.99173;[550, 450]
625.3037;268.91382;551.04034;57.392372;339.5829;[550, 450]
617.1396;270.274;541.75183;56.31544;348.62686;[550, 450]
567.3233;267.95007;459.98065;68.26822;341.46567;[550, 450]
368.98102;266.95416;54.838787;461.49948;516.61414;[50, 500]
371.60632;266.67352;54.92187;466.36725;517.5354;[50, 500]
368.49817;266.397;54.182827;462.0918;513.29785;[50, 500]
381.17737;264.8997;54.457897;465.3848;507.628;[50, 500]
373.8257;264.34448;162.36514;475.5738;454.2519;[50, 500]
367.70038;264.24265;55.069317;487.71292;510.467;[50, 500]
369.27533;262.40283;163.17487;487.47668;421.39194;[50, 500]
325.08057;252.55228;41.110825;461.19354;501.0666;[50, 500]
406.63757;150.24391;186.89987;326.80853;414.50797;[100, 500]
347.0351;212.97714;141.35585;373.1751;416.87772;[100, 500]
382.23956;192.83327;127.69886;422.34482;466.86853;[100, 500]
342.3813;150.41316;139.5346;373.91904;417.2637;[100, 500]
189.61505;207.08379;187.72375;463.8745;362.95398;[100, 500]
370.97592;218.67607;93.91636;415.09644;470.4511;[100, 500]
277.3925;224.39226;100.45243;431.05182;470.7736;[100, 500]
379.89297;225.4692;97.64337;416.41565;483.26248;[100, 500]
343.54498;151.99359;142.09058;373.94757;416.1923;[100, 500]
375.7814;224.94884;97.16651;417.90268;485.40567;[100, 500]
379.03586;226.00294;97.65383;418.23145;482.74527;[100, 500]
387.87665;215.226;141.6083;419.38318;460.9996;[100, 500]
247.80428;223.6408;97.36657;423.47827;367.0909;[100, 500]
378.87375;221.09366;244.13792;455.4436;156.35167;[100, 500]
389.4147;178.28816;143.8452;370.9801;465.44882;[150, 500]
392.2088;178.77515;147.71481;371.76056;458.9506;[150, 500]
393.32925;178.28448;147.89258;369.95343;452.3892;[150, 500]
391.524;177.94254;146.07501;371.60538;462.20645;[150, 500]
344.5015;151.5006;143.5339;371.89413;417.7341;[150, 500]
415.29645;142.37068;192.33144;317.44342;432.97366;[200, 500]
400.65;203.51366;189.88516;463.90973;364.47122;[200, 500]
362.39227;155.84258;151.8418;411.64316;424.04886;[200, 500]
412.2061;141.12491;195.24321;319.36642;425.3159;[200, 500]
412.07376;141.31009;193.8834;319.9534;422.96402;[200, 500]
384.9998;150.87544;141.70067;373.67148;418.87057;[200, 500]
411.87085;141.46657;194.71872;318.68307;422.88333;[200, 500]
412.8924;144.03908;193.07375;320.9214;419.67004;[200, 500]
412.37653;140.99667;195.30817;314.89578;431.2939;[200, 500]
320.49188;122.671074;249.18083;347.9899;273.3664;[250, 500]
439.3505;121.60168;245.09763;272.40173;401.26657;[250, 500]
438.38635;116.67765;244.59552;270.31628;403.92728;[250, 500]
438.38675;117.21489;244.62926;270.1631;404.1852;[250, 500]
289.28363;209.03938;128.06142;439.82504;393.32327;[250, 500]
430.4057;112.885735;244.84157;270.9996;409.18756;[250, 500]
437.64185;111.20643;243.74454;274.49713;383.3529;[250, 500]
438.83496;116.29893;246.46172;271.48868;407.39368;[250, 500]
438.9663;116.93003;245.08682;268.70078;402.88235;[250, 500]
438.81363;115.205605;247.18382;269.28577;412.38724;[250, 500]
436.5779;116.964455;245.6153;266.2514;404.20065;[250, 500]
438.67926;118.80276;245.03413;270.01044;403.306;[250, 500]
436.6849;118.25616;245.01736;268.18134;400.47333;[250, 500]
440.2868;115.50286;246.63379;270.87985;408.31714;[250, 500]
466.89624;109.68307;296.92496;217.84909;386.64987;[300, 500]
466.1184;109.80921;297.2457;219.11594;386.59293;[300, 500]
466.45187;109.64347;296.1125;217.68332;385.14774;[300, 500]
465.9253;109.62603;296.89728;218.67758;386.59708;[300, 500]
466.04602;109.46718;296.11646;217.42767;384.90985;[300, 500]
462.81207;109.66906;297.25925;219.95428;387.7821;[300, 500]
463.13727;109.64104;296.7232;220.90845;385.31317;[300, 500]
465.7033;109.60256;297.06357;218.7264;386.64548;[300, 500]
468.68314;109.43301;317.2086;220.82684;384.09238;[300, 500]
467.5005;109.6554;296.23996;216.97934;386.21597;[300, 500]
451.45895;108.610985;314.82687;222.20737;347.82114;[300, 500]
546.491;203.69368;453.47842;120.769806;335.93094;[350, 500]
504.10745;125.34394;345.95663;167.71222;371.25992;[350, 500]
526.33075;121.90676;404.87137;168.52672;372.51248;[350, 500]
521.73346;159.36919;408.95386;153.2124;375.66006;[350, 500]
504.68695;219.59793;343.06;114.31292;300.7798;[350, 500]
355.05316;345.08237;581.915;490.3526;136.01591;[350, 500]
496.05917;124.5009;346.03268;169.56763;371.4007;[350, 500]
518.0369;130.38835;349.27707;157.74757;373.40762;[350, 500]
528.3226;156.7214;400.34818;119.93384;368.54376;[400, 500]
531.10205;157.40779;402.74164;119.77089;369.0016;[400, 500]
460.7243;164.06004;405.4431;235.37799;280.23865;[400, 500]
552.2657;157.17122;402.4527;117.56565;369.14212;[400, 500]
592.6391;239.94817;492.00473;101.857925;293.9551;[450, 500]
564.8887;201.0723;435.47885;66.74054;368.24405;[450, 500]
580.3375;197.18913;459.8091;65.231224;368.82278;[450, 500]
500.2294;133.35233;340.69736;285.2149;320.86288;[450, 500]
573.3415;207.27669;497.09174;70.460594;175.5668;[450, 500]
490.46747;325.18405;583.7244;351.44028;89.32564;[450, 500]
587.2516;199.62749;447.1625;66.793015;370.1542;[450, 500]
555.742;137.83734;400.26505;67.890175;369.0103;[450, 500]
517.43665;181.69905;444.50235;130.04453;224.89891;[450, 500]
545.1736;160.20766;405.151;97.03111;370.3421;[450, 500]
575.6038;199.01389;446.77725;69.2122;351.9441;[450, 500]
592.66656;200.52223;451.3054;73.95776;366.98257;[450, 500]
525.0906;166.87563;444.98367;145.30049;376.06577;[500, 500]
615.4438;237.7928;487.94815;20.544767;377.3089;[500, 500]
615.4386;237.8055;487.93896;20.575228;377.08746;[500, 500]
611.11554;235.86256;489.47485;20.494143;377.98212;[500, 500]
610.91376;236.5273;488.84317;20.154205;378.20636;[500, 500]
611.59375;236.77092;487.28372;20.499962;379.2015;[500, 500]
613.21136;237.53244;486.33255;20.575834;378.47296;[500, 500]
610.7858;236.06468;489.45657;20.405365;377.39874;[500, 500]
611.79803;237.41025;486.28897;20.526033;377.95602;[500, 500]
611.4613;237.44171;487.30252;20.46308;377.97586;[500, 500]
614.94684;237.64743;487.54282;20.52103;378.8021;[500, 500]
610.93585;237.0613;487.62646;20.259964;378.43802;[500, 500]
613.37445;237.50172;487.53952;20.42394;378.6199;[500, 500]
650.24396;283.58405;534.866;29.93987;390.74808;[550, 500]
650.3986;284.0198;534.0487;29.697178;390.50815;[550, 500]
564.4086;276.5772;542.2208;202.79498;215.56055;[550, 500]
648.2398;282.0738;536.9145;30.281792;390.043;[550, 500]
640.771;274.6024;533.39386;35.620037;384.51315;[550, 500]
651.3055;284.8025;535.0157;29.631626;390.56094;[550, 500]
574.95154;276.93573;541.2756;203.05264;331.9221;[550, 500]
646.6312;284.57355;532.32306;50.46839;390.12027;[550, 500]
650.3626;286.0625;533.0411;29.850822;390.3118;[550, 500]
608.8645;280.13806;543.9108;31.604462;387.38522;[550, 500]
637.22577;283.94318;532.81006;30.29702;390.29187;[550, 500]
615.53375;274.95294;497.33127;34.404522;380.85593;[550, 500]
649.58044;282.4783;535.86725;29.88686;391.20612;[550, 500]
645.2857;285.62714;537.2965;30.115326;389.88815;[550, 500]
