147.29865;300.0827;388.0506;532.7378;284.72482;[50, 50]
77.88117;372.0832;375.81494;576.14764;367.24115;[50, 50]
107.83871;412.42307;412.20514;590.4544;358.55154;[50, 50]
72.61584;397.82498;406.96097;600.9832;364.54166;[50, 50]
71.17256;392.8903;407.97366;598.2314;365.9475;[50, 50]
72.68396;355.1637;332.90735;577.8697;369.31583;[50, 50]
87.763054;394.41586;392.24066;597.137;369.01956;[50, 50]
93.26593;413.944;408.5567;597.4392;371.33813;[50, 50]
68.74671;356.0159;344.54596;584.8613;366.33078;[50, 50]
78.97529;380.1512;382.78647;587.0618;365.3605;[50, 50]
51.114998;359.00974;356.18164;569.7338;364.8228;[50, 50]
122.94446;383.06082;419.96054;626.27997;323.5106;[100, 50]
122.86146;381.43402;415.60544;599.0362;321.10782;[100, 50]
124.90132;374.61636;422.96295;593.0878;317.17407;[100, 50]
121.28799;380.0547;413.3449;598.68066;322.28244;[100, 50]
122.54674;384.4529;414.0193;592.9745;321.93716;[100, 50]
122.20186;381.05502;414.78586;602.1734;321.7287;[100, 50]
122.90977;380.09305;418.08127;601.2579;322.5468;[100, 50]
125.68504;386.6564;415.41196;601.1092;322.27823;[100, 50]
125.68504;386.6564;415.41196;601.1092;322.27823;[100, 50]
121.85927;383.288;413.47522;606.0003;321.52063;[100, 50]
124.19645;379.9931;421.9078;605.88074;322.14713;[100, 50]
134.39346;381.08237;421.13593;597.4177;307.05807;[100, 50]
155.54169;372.6926;433.6554;595.0361;279.27823;[150, 50]
167.85475;366.51938;435.8244;581.0184;282.15012;[150, 50]
164.3608;371.92538;432.28128;591.937;283.9279;[150, 50]
167.62405;365.64786;431.15118;583.7619;281.90515;[150, 50]
161.9504;368.6808;432.60114;593.39374;280.1597;[150, 50]
148.07137;378.55966;427.39343;608.88007;282.51578;[150, 50]
140.16911;374.66592;424.9942;605.50183;299.12323;[150, 50]
161.76726;363.5123;436.31152;577.1536;281.1814;[150, 50]
150.61885;262.50528;291.97217;508.50052;258.236;[200, 50]
208.23074;348.31302;452.07288;560.1571;234.47067;[200, 50]
208.40483;348.24637;451.54834;544.2302;234.40729;[200, 50]
211.01924;351.19318;451.1179;557.861;235.25688;[200, 50]
194.68279;346.11105;452.061;553.1489;232.83261;[200, 50]
208.5938;347.22055;453.12646;557.1595;234.59213;[200, 50]
210.51299;349.262;452.60385;553.4752;234.40727;[200, 50]
205.3603;351.9044;445.2865;554.2835;233.06564;[200, 50]
245.56544;296.3366;433.2827;435.0774;147.91373;[250, 50]
255.28426;341.49246;469.17923;524.7955;182.15652;[250, 50]
279.84552;311.0325;461.37836;492.63104;133.55719;[250, 50]
453.37637;293.05576;461.0388;129.54413;185.16678;[250, 50]
261.47253;338.63986;469.20685;517.01086;185.79642;[250, 50]
256.29477;328.1333;457.69223;508.06677;191.61758;[250, 50]
401.55017;296.0189;422.6556;375.915;213.3368;[250, 50]
294.19733;293.8259;463.15692;473.53015;171.45303;[300, 50]
291.40042;231.86101;382.44476;454.3557;172.28058;[300, 50]
319.68616;317.67438;500.88617;423.2218;114.45715;[300, 50]
299.79675;335.95816;499.38843;479.94373;139.58722;[300, 50]
296.09814;334.6912;502.83615;516.22797;146.75967;[300, 50]
331.5081;307.5892;497.75613;434.65057;136.41931;[300, 50]
298.12793;336.48203;502.54596;503.67642;143.43095;[300, 50]
297.2787;333.75406;483.58453;498.15607;139.27942;[300, 50]
300.02307;336.7452;499.46613;485.14374;140.33957;[300, 50]
363.4364;317.577;575.8674;430.24686;102.03435;[350, 50]
430.50964;336.4064;571.87274;403.52582;73.71369;[350, 50]
374.2437;334.9372;540.7641;443.13605;84.90288;[350, 50]
407.64545;334.89072;537.30286;425.26462;122.334526;[350, 50]
284.2987;296.4531;467.07184;453.5957;122.97416;[350, 50]
309.1776;239.5881;138.96309;452.93176;398.47855;[350, 50]
371.6399;321.4145;541.17206;405.85913;70.2623;[350, 50]
327.81476;319.10306;515.1842;434.08133;103.09;[350, 50]
430.1656;337.96606;571.733;413.67664;108.2365;[350, 50]
423.4298;335.88745;564.13715;417.05945;85.26507;[350, 50]
429.71674;333.55078;567.9754;408.89432;50.16522;[350, 50]
383.38486;340.6511;559.1584;436.3082;133.55472;[350, 50]
515.66534;221.86223;448.252;260.85324;168.88342;[350, 50]
426.48755;345.82138;584.4073;411.8337;128.2795;[350, 50]
259.30334;245.04164;359.16864;421.54553;186.45273;[350, 50]
410.3283;349.05286;572.4313;451.12317;78.88348;[400, 50]
399.28323;355.6856;566.51605;466.77795;82.88171;[400, 50]
343.58914;331.797;523.6554;444.50867;101.16941;[400, 50]
519.0043;327.433;583.1152;304.9851;121.56982;[400, 50]
422.01013;352.89615;592.0573;424.04626;33.544086;[400, 50]
414.86627;341.41537;577.3809;409.3509;32.784847;[400, 50]
410.72916;342.28113;568.4522;436.82257;67.03715;[400, 50]
466.4205;391.40817;608.0922;454.5933;145.28793;[400, 50]
428.10895;332.20795;567.5196;406.2453;33.134155;[400, 50]
407.97708;351.2182;584.20953;442.55197;81.92475;[400, 50]
402.70734;341.02573;569.32385;454.57974;79.77879;[400, 50]
435.61273;371.94513;606.6171;456.32623;78.83027;[450, 50]
451.8047;366.817;592.1834;451.94818;84.26461;[450, 50]
442.7732;381.67313;607.4002;463.9662;82.73165;[450, 50]
441.59024;380.38556;606.40094;464.11035;82.86113;[450, 50]
443.26666;371.75922;595.2242;455.88248;83.289925;[450, 50]
440.35907;377.44028;604.9604;461.56314;83.160774;[450, 50]
494.81366;394.6017;618.7028;461.58902;113.06237;[500, 50]
522.94604;399.00168;636.56573;398.69427;115.61787;[500, 50]
485.3429;393.8408;631.41864;441.80222;112.841545;[500, 50]
482.79044;412.94687;659.11945;457.3745;114.48668;[500, 50]
329.57016;296.5134;519.9351;434.85822;153.99138;[500, 50]
211.50941;259.1773;376.97797;447.85504;170.2525;[500, 50]
417.50812;354.80472;593.116;435.73865;128.83864;[500, 50]
539.3039;434.85898;681.7319;466.0402;153.59775;[550, 50]
539.2974;424.3328;683.8283;459.22577;151.97437;[550, 50]
545.9201;439.91394;683.90045;456.63367;153.6481;[550, 50]
548.4763;447.344;698.41034;456.97034;152.39084;[550, 50]
546.46326;449.8079;701.14825;459.08746;151.32281;[550, 50]
547.67395;453.88974;697.721;457.48993;151.57933;[550, 50]
543.66754;446.3576;702.2332;464.10583;152.22513;[550, 50]
303.15662;243.74916;60.123917;479.65674;458.86325;[50, 100]
79.09348;309.60657;272.25513;575.4495;369.48752;[50, 100]
77.88202;366.64035;365.70117;586.0984;365.27142;[50, 100]
75.93806;319.57013;276.5644;579.6169;368.27982;[50, 100]
74.31689;322.1898;275.88986;577.3507;367.56015;[50, 100]
61.971123;346.33658;325.24054;583.4433;368.95047;[50, 100]
61.515305;345.03073;337.3587;582.1863;367.5375;[50, 100]
69.940025;310.6915;260.43304;580.999;369.0236;[50, 100]
68.858894;327.8235;283.5938;583.85046;368.26273;[50, 100]
64.97749;355.33984;346.79218;583.7047;368.01584;[50, 100]
63.355698;356.39096;365.44592;581.0117;365.3829;[50, 100]
54.516525;351.14255;334.83368;587.0356;366.3519;[50, 100]
66.10177;366.58774;366.62695;582.35156;367.32944;[100, 100]
110.02094;346.3969;372.35065;567.75995;332.26242;[100, 100]
126.07911;322.93698;375.1669;561.87476;280.18008;[100, 100]
80.954506;370.60742;370.76025;589.69586;364.05246;[100, 100]
114.4811;359.0971;376.91974;557.33563;328.19016;[100, 100]
141.8638;321.58536;380.36475;549.53546;282.58115;[150, 100]
105.87339;339.04874;372.15607;574.9731;328.90555;[150, 100]
138.89769;313.38364;382.37082;547.1219;281.64944;[150, 100]
141.98137;321.78842;382.5985;561.4544;271.05057;[150, 100]
135.44998;357.73795;392.40213;577.77893;273.99008;[150, 100]
139.94879;309.2236;384.09222;554.9159;272.40872;[150, 100]
97.28733;352.33746;369.43234;581.1519;296.0218;[150, 100]
139.82031;314.7884;393.87915;536.1734;285.37302;[150, 100]
136.23198;300.8335;386.64508;535.9195;271.22562;[150, 100]
117.89585;300.54257;387.43826;563.27563;281.6136;[200, 100]
193.98244;302.32764;402.04044;513.1882;223.35951;[200, 100]
202.62474;250.64479;120.059906;501.0783;411.98035;[200, 100]
313.0771;300.8323;431.53644;460.4054;131.66577;[200, 100]
197.88731;263.65305;386.576;506.89404;343.43246;[200, 100]
181.04651;306.42752;394.04193;542.2438;230.8735;[200, 100]
191.76213;300.45377;398.8623;514.79926;219.4122;[200, 100]
226.78279;290.6968;425.12732;498.92615;185.43524;[200, 100]
182.63127;306.9192;367.38522;530.9883;231.8911;[200, 100]
246.46384;288.74454;437.99072;456.66302;138.61963;[250, 100]
262.32324;286.09305;437.5113;481.0462;140.83237;[250, 100]
247.93439;288.07474;435.397;486.02435;174.52934;[250, 100]
241.03531;285.90787;431.99426;482.12955;173.15662;[250, 100]
240.88168;288.8472;434.94672;462.62305;161.68155;[250, 100]
250.66052;245.8852;88.49058;469.04404;420.06955;[300, 100]
286.37122;301.16125;467.67715;445.0996;125.18517;[300, 100]
377.3477;341.84457;525.38574;417.73846;124.33962;[300, 100]
286.92108;290.1692;459.85962;470.79956;124.901115;[300, 100]
298.17184;301.1603;479.95618;479.90253;137.2721;[300, 100]
284.71655;297.58902;459.38013;480.51944;131.98885;[300, 100]
295.94077;332.97028;491.89413;498.43405;139.0864;[300, 100]
302.76108;296.68256;471.77374;448.00043;122.72379;[300, 100]
300.78186;312.23233;483.24954;472.7118;130.41188;[300, 100]
304.13287;331.61502;513.8517;444.97034;123.23841;[300, 100]
323.57785;294.1821;484.2243;437.88843;126.613914;[300, 100]
279.45926;301.2738;455.9242;490.3886;151.41464;[300, 100]
278.71985;317.14465;458.61255;498.47302;175.66994;[300, 100]
270.90582;293.54532;462.2981;484.41687;140.91647;[300, 100]
470.58197;337.66714;580.4753;386.17825;123.221596;[350, 100]
375.79883;262.20975;476.1021;335.0302;125.28771;[350, 100]
382.43753;331.9346;539.98596;434.64117;97.376625;[350, 100]
366.8125;245.21361;417.4357;357.55353;140.55093;[350, 100]
321.25006;246.82736;422.4331;380.62457;131.40558;[350, 100]
366.25812;305.15192;501.42337;358.90695;107.52415;[350, 100]
332.6302;306.5164;513.5409;439.33606;79.27122;[350, 100]
344.6574;248.72398;448.17432;370.37708;89.65046;[350, 100]
352.49567;286.79578;519.2409;418.55328;81.77308;[350, 100]
329.08282;291.36118;500.41522;423.35797;75.53375;[350, 100]
346.96973;315.008;512.91077;388.10217;90.73882;[350, 100]
327.34277;296.54993;484.646;366.8779;105.49201;[350, 100]
362.57587;290.8772;476.40057;383.38293;78.40984;[350, 100]
343.99966;282.898;519.71625;423.21005;82.34689;[400, 100]
425.72812;311.1462;550.803;382.94403;35.995968;[400, 100]
378.36646;309.94788;531.35736;438.9977;31.956366;[400, 100]
390.96368;269.82846;526.6711;426.232;53.641132;[400, 100]
404.70477;320.17947;542.31384;435.62976;57.370457;[400, 100]
385.95972;306.65482;534.5599;401.86026;30.096174;[400, 100]
371.51083;294.1102;515.49164;393.92807;79.022705;[400, 100]
288.67664;256.98755;444.44717;403.17273;115.43755;[400, 100]
377.45526;305.14212;529.9631;390.06662;28.439184;[400, 100]
371.52606;319.57736;537.24506;429.27008;70.862785;[400, 100]
428.083;327.71716;571.18146;405.3587;32.153343;[450, 100]
379.64328;334.43045;547.1315;405.6333;81.25793;[450, 100]
440.54697;338.71008;586.511;398.51355;114.536644;[450, 100]
416.32996;335.1642;559.3982;415.38232;93.58255;[450, 100]
417.15594;331.15814;562.04724;416.40594;32.09751;[450, 100]
421.2428;331.49487;566.4967;419.94788;33.00397;[450, 100]
494.6817;343.42715;572.85645;404.0892;116.4928;[450, 100]
421.79056;330.93454;564.2586;416.52826;32.714264;[450, 100]
414.36414;328.81473;563.4868;417.5197;32.928127;[450, 100]
365.74857;345.46524;563.97064;421.09644;93.462776;[500, 100]
485.17435;350.53702;603.8106;390.46466;82.14742;[500, 100]
490.51886;351.56668;609.6994;381.72748;83.097176;[500, 100]
487.11398;348.09656;603.5577;367.79288;83.78659;[500, 100]
481.61505;358.49545;615.6252;431.4912;83.909004;[500, 100]
476.20947;350.47098;600.27844;388.7807;82.02767;[500, 100]
483.0719;349.02524;591.82623;404.70123;82.0507;[500, 100]
489.90485;351.32913;610.4926;394.6845;82.56604;[500, 100]
493.39072;347.2648;607.7264;358.86563;106.327126;[500, 100]
500.83038;346.56143;609.37164;386.51923;132.66403;[550, 100]
478.90576;340.28696;578.1325;404.33826;125.25402;[550, 100]
468.8522;381.18655;631.6604;414.39435;131.23575;[550, 100]
600.9213;386.9609;656.7109;398.29163;134.41864;[550, 100]
573.8504;380.44925;632.0197;400.62665;132.09288;[550, 100]
599.2791;393.9718;667.8543;398.75018;135.2915;[550, 100]
405.2409;345.6209;559.221;415.8758;129.1712;[550, 100]
136.76006;256.91602;217.93504;507.09576;402.5293;[50, 150]
41.915894;338.24188;310.37497;591.4251;361.89352;[50, 150]
97.17733;281.9538;230.14323;558.5803;366.9944;[50, 150]
40.218258;330.46277;309.84375;585.116;365.4832;[50, 150]
108.68696;265.85092;219.38046;532.3178;367.4392;[50, 150]
115.9334;278.10706;219.19661;551.31085;372.0425;[50, 150]
45.263973;336.31485;316.9674;578.32074;364.7222;[50, 150]
50.57905;346.7855;321.73306;594.6024;362.98816;[50, 150]
46.358574;337.12494;318.21997;577.9023;364.26132;[50, 150]
47.885338;344.76865;316.42145;593.518;364.3665;[50, 150]
58.887917;353.45114;346.95282;586.4011;366.79526;[50, 150]
61.67511;360.52756;338.6575;593.1744;367.48764;[50, 150]
56.4976;358.0422;328.28635;594.26666;365.51178;[50, 150]
139.23082;286.00406;329.45203;518.9705;305.8808;[100, 150]
246.41335;159.35835;192.65855;431.9319;332.13388;[100, 150]
170.70491;265.65256;351.13928;471.369;320.51724;[100, 150]
116.63266;301.83023;322.02167;550.0035;325.0941;[100, 150]
104.7376;295.33466;325.96515;527.2982;304.8654;[100, 150]
104.146645;287.70297;326.50394;519.7542;311.92026;[100, 150]
125.52734;281.6092;325.55942;515.1855;318.32486;[100, 150]
138.76508;244.30122;241.49158;491.3667;323.25827;[100, 150]
82.658485;299.2056;318.6937;531.18524;303.40598;[100, 150]
144.05678;277.96176;326.98303;503.8216;292.1697;[100, 150]
131.9793;298.87112;330.7611;528.44415;274.7087;[100, 150]
144.09267;256.00677;225.79034;486.42365;311.26083;[150, 150]
143.1074;284.93564;332.81805;518.7802;273.80942;[150, 150]
147.2732;247.21938;298.0758;483.278;288.90472;[150, 150]
137.21722;281.52237;333.7339;519.23676;273.5301;[150, 150]
145.6487;240.10086;229.69287;487.7246;320.4622;[150, 150]
147.49701;280.53708;332.943;495.8883;260.0945;[150, 150]
128.05484;282.78503;331.92914;516.8501;280.76108;[150, 150]
130.61116;263.47757;320.91354;497.59113;303.1307;[150, 150]
134.28088;284.45352;336.6085;546.94305;272.53458;[150, 150]
136.29105;286.26477;337.26666;552.51575;244.72107;[150, 150]
242.09761;163.36339;317.0204;420.9438;227.92741;[200, 150]
193.51436;243.89565;290.66064;473.04666;230.6168;[200, 150]
287.594;265.05237;452.29868;469.98846;164.78952;[200, 150]
203.55116;245.70874;319.78436;440.43982;227.15002;[200, 150]
203.11555;247.51521;285.44464;449.60358;244.7037;[200, 150]
235.09795;247.39404;354.22775;434.14423;192.52246;[200, 150]
222.64384;278.75073;396.46112;484.60016;188.77626;[200, 150]
348.03653;252.45285;345.68362;474.43988;279.2891;[200, 150]
193.1722;213.34004;250.09618;440.80652;284.4584;[200, 150]
215.32729;276.8052;365.23724;478.94543;218.24522;[200, 150]
210.67361;251.61644;338.97095;446.04053;227.42657;[200, 150]
237.3745;165.60173;292.8411;415.4076;228.06403;[200, 150]
213.35756;249.33516;289.71042;430.75525;243.13123;[200, 150]
217.91399;267.5616;357.07486;468.99365;225.06314;[200, 150]
213.42137;247.84096;346.23383;447.5752;228.22743;[200, 150]
227.44684;236.8751;386.5095;448.15103;183.49149;[250, 150]
239.75615;252.92775;406.2093;429.82983;169.00325;[250, 150]
238.93971;228.04652;362.26953;420.03125;181.16406;[250, 150]
244.85875;205.76347;364.12143;418.61716;178.92638;[250, 150]
220.28859;210.41826;346.75128;430.32108;203.60237;[250, 150]
222.68993;224.18996;360.8603;443.23062;221.97997;[250, 150]
235.43016;223.13896;367.4166;429.07895;179.36649;[250, 150]
398.25415;309.611;533.0367;417.0982;57.162212;[250, 150]
231.37404;235.88622;392.77643;442.76596;162.40341;[250, 150]
225.69572;241.66711;368.37454;447.03552;187.83005;[250, 150]
232.165;240.85924;364.4878;413.26315;181.39297;[250, 150]
269.87024;242.39609;380.96848;428.5991;134.98015;[300, 150]
291.24072;240.68358;414.74777;419.85776;122.48949;[300, 150]
288.34506;242.53888;414.43073;412.9261;123.82895;[300, 150]
289.10498;242.59662;411.84833;407.11893;124.15135;[300, 150]
290.84018;245.3996;421.86398;411.80383;123.0992;[300, 150]
291.4781;243.07536;412.72397;403.0861;118.337875;[300, 150]
288.21216;243.83405;437.49915;412.93408;120.206856;[300, 150]
294.372;243.13324;442.08832;427.32837;121.35043;[300, 150]
293.81116;242.57442;442.56055;417.27606;120.10741;[300, 150]
287.98718;239.52011;417.00293;409.9557;124.83872;[300, 150]
286.01965;239.69556;430.58246;415.9017;123.47378;[300, 150]
337.61658;248.71544;454.03503;388.9436;86.99236;[350, 150]
337.8051;240.02162;452.4516;379.74756;83.52132;[350, 150]
343.06042;247.89485;460.01923;381.1953;76.54389;[350, 150]
342.78632;248.99413;457.16064;383.21793;74.00004;[350, 150]
344.359;247.4612;452.8361;379.66016;76.907814;[350, 150]
341.06073;247.99553;461.4488;388.00174;70.78628;[350, 150]
373.51004;257.2146;507.23694;354.8331;21.111753;[400, 150]
387.07642;258.0295;496.3874;360.41162;21.407076;[400, 150]
388.87692;225.00793;469.21255;312.6042;136.46149;[400, 150]
340.1429;141.04018;425.58566;347.87787;173.31558;[400, 150]
385.8185;260.37662;505.47186;354.30408;21.319023;[400, 150]
383.87195;258.77408;491.4453;350.41772;23.728926;[400, 150]
387.27722;257.4388;487.49072;351.08722;43.38183;[400, 150]
388.94916;252.27185;470.6878;315.99124;37.81859;[400, 150]
415.0814;254.44826;498.20862;335.12244;42.073994;[400, 150]
382.5873;261.92593;502.29318;366.967;21.32286;[400, 150]
396.8222;325.513;518.2863;440.68878;103.346146;[450, 150]
392.5463;203.12102;169.27824;353.62274;329.0242;[450, 150]
254.24199;292.01376;437.7038;484.68335;148.59879;[450, 150]
434.7217;292.35275;496.3281;411.60767;94.61787;[450, 150]
303.1651;249.68346;445.83026;427.8183;127.2283;[450, 150]
406.21124;333.52957;555.878;434.7121;57.686893;[450, 150]
396.03107;233.2346;503.0896;335.73145;45.511593;[450, 150]
395.9276;257.89474;506.77133;365.42468;71.707886;[450, 150]
300.99615;221.24399;433.39978;389.9267;123.32409;[450, 150]
298.6158;194.7252;385.65228;384.58636;128.33249;[450, 150]
543.6531;162.34892;306.78317;175.28181;341.92975;[450, 150]
401.30408;324.83347;529.07526;450.71204;72.05746;[450, 150]
380.71698;220.61217;471.1164;335.95068;76.884285;[450, 150]
370.67926;307.2569;531.45905;433.0946;69.47584;[450, 150]
470.05283;317.80252;585.4312;344.51056;82.61326;[500, 150]
466.14807;245.4894;500.32227;314.10614;124.409676;[500, 150]
481.2733;309.74985;580.0297;340.8433;80.91092;[500, 150]
481.1712;319.74423;584.95886;369.8355;80.42068;[500, 150]
488.70486;349.3775;596.4028;363.3205;83.63209;[500, 150]
486.04144;325.94052;590.43713;345.34296;83.13001;[500, 150]
484.3908;327.7722;591.8768;349.05957;82.89793;[500, 150]
486.3522;337.43942;595.25146;357.95764;84.13769;[500, 150]
479.44992;316.18564;582.3908;341.52594;80.73892;[500, 150]
481.31537;317.31793;582.4982;344.0432;82.00847;[500, 150]
507.18994;348.05887;615.49115;384.66742;133.48396;[550, 150]
539.0008;327.87674;597.84033;335.11127;146.60664;[550, 150]
513.6075;341.7572;616.1419;357.48962;137.68965;[550, 150]
526.1791;329.4062;600.0888;299.11572;195.7671;[550, 150]
497.3595;340.4958;606.7475;382.28156;120.17563;[550, 150]
516.47675;351.61075;613.26434;352.5611;137.49612;[550, 150]
490.4046;351.62564;605.6114;362.24432;91.13093;[550, 150]
508.36615;333.09634;603.2714;315.3175;143.45563;[550, 150]
509.74005;346.67764;618.16;364.8645;137.22641;[550, 150]
521.5212;338.71274;584.7196;311.18396;138.83493;[550, 150]
66.59965;315.41534;275.54974;588.3555;369.41458;[50, 200]
65.14495;332.9479;309.1541;575.3886;366.72995;[50, 200]
71.47363;328.7963;260.32898;592.5224;368.50238;[50, 200]
73.020355;318.67126;266.62143;581.0535;369.39767;[50, 200]
73.41028;349.0756;281.02023;592.0279;367.53085;[50, 200]
75.10114;343.73257;272.14966;593.1317;368.73477;[50, 200]
72.93458;327.0789;299.2315;578.87665;366.73703;[50, 200]
63.66091;315.39154;289.41473;575.753;366.93948;[50, 200]
67.72213;349.9233;302.54736;595.2297;366.4866;[50, 200]
70.64663;326.77667;260.1897;590.1326;367.81528;[50, 200]
69.67894;319.40225;276.8249;572.5545;367.51596;[50, 200]
58.328037;338.9155;311.9643;562.8113;365.59793;[50, 200]
68.0122;354.48917;329.90253;583.4133;365.85922;[50, 200]
107.966644;261.8071;285.3004;487.02795;300.2572;[100, 200]
173.90714;258.3392;342.42267;479.90314;239.49661;[100, 200]
113.84115;264.5753;436.8589;525.7353;309.65875;[100, 200]
124.03078;261.18494;286.35406;521.7176;321.44394;[100, 200]
120.27499;262.9007;281.19537;495.50168;324.7139;[100, 200]
125.85679;248.20671;263.5235;494.393;321.09427;[100, 200]
116.97203;273.40018;395.54333;515.2426;271.9078;[100, 200]
118.19241;259.4412;290.4038;484.84912;230.42691;[100, 200]
120.749756;256.78464;274.25763;496.03287;321.97815;[100, 200]
110.11515;266.89078;286.20468;505.72192;320.6588;[100, 200]
113.85922;262.8201;289.2676;497.53705;320.0256;[100, 200]
106.34838;266.2677;290.12378;505.81226;319.68317;[100, 200]
124.7205;252.8176;278.94547;495.73145;324.1218;[150, 200]
144.76318;232.94902;280.96857;468.18622;288.2399;[150, 200]
186.2187;175.70064;266.1082;448.87592;281.78717;[150, 200]
157.42493;235.20076;291.6831;474.91034;272.50235;[150, 200]
145.73619;242.96211;284.71695;486.45398;294.0306;[150, 200]
150.97272;241.4423;282.74805;476.76523;284.1293;[150, 200]
152.53828;238.3762;291.48938;463.6828;280.03418;[150, 200]
146.78847;243.25468;281.09796;482.25375;305.44913;[150, 200]
248.39734;216.22935;357.12164;424.6418;177.06268;[200, 200]
341.1887;193.7431;400.2337;353.89966;107.87432;[200, 200]
249.22124;207.95534;365.04993;413.9678;169.18079;[200, 200]
189.63185;173.30573;253.09265;454.08932;311.33;[200, 200]
194.93153;259.53195;345.4098;471.25232;235.4031;[200, 200]
255.06444;247.21002;541.0887;449.3053;177.29703;[250, 200]
238.10947;219.33063;368.96072;422.8089;180.84753;[250, 200]
231.89198;198.09297;361.0545;432.1553;188.07855;[250, 200]
277.10712;248.11443;493.6708;420.81183;178.14174;[250, 200]
246.86424;198.77263;355.3058;420.39426;181.23389;[250, 200]
255.40842;193.82352;348.26672;414.63947;186.35991;[250, 200]
238.01138;203.15071;358.98907;418.45697;180.4068;[250, 200]
247.482;196.73805;348.31473;413.35992;183.85887;[250, 200]
245.02612;206.44756;361.56616;425.25403;179.92787;[250, 200]
242.63887;200.55655;359.27863;412.9241;180.61404;[250, 200]
240.28719;208.53966;362.09683;416.67987;179.09682;[250, 200]
310.03662;193.33624;381.91876;373.38892;138.49567;[300, 200]
331.13214;175.8816;374.45502;295.4735;169.57938;[300, 200]
343.06946;248.82886;462.58292;376.49072;94.64505;[300, 200]
318.84647;187.70699;377.92966;349.20258;140.61787;[300, 200]
291.92633;233.8545;390.2927;389.1624;133.65417;[300, 200]
306.45557;196.59723;380.33276;368.92975;136.90189;[300, 200]
327.2524;278.83917;479.0016;371.55518;138.38074;[300, 200]
292.64478;197.20753;379.17285;373.63388;135.21959;[300, 200]
295.51913;195.89586;383.0852;371.58044;136.54245;[300, 200]
348.49738;202.36415;408.5677;344.11487;99.50307;[350, 200]
355.90332;197.3936;417.68652;335.26935;97.0679;[350, 200]
379.8073;198.69765;417.84686;335.7954;95.45843;[350, 200]
365.63107;208.46635;431.84375;335.8874;89.13774;[350, 200]
361.15616;202.61134;414.76074;329.45013;97.076775;[350, 200]
392.01215;214.9557;465.40747;334.01025;79.01632;[350, 200]
389.64865;244.27937;436.0912;347.71405;77.48548;[350, 200]
372.9826;225.71071;456.80548;311.78006;106.017845;[350, 200]
344.90564;197.26646;414.75043;338.93042;98.22908;[350, 200]
393.28326;212.054;471.42087;335.08978;78.09192;[350, 200]
342.40805;193.04494;418.3496;338.77878;93.72403;[350, 200]
386.17383;258.3677;490.3786;354.0593;24.364069;[350, 200]
401.33917;178.06064;407.20197;294.20563;116.97415;[400, 200]
393.88885;178.86116;416.37396;280.0046;174.88576;[400, 200]
381.9059;217.72284;461.27863;334.14142;75.76966;[400, 200]
400.94818;182.16399;435.2022;286.52438;107.25724;[400, 200]
384.4148;187.04762;414.97064;309.77673;103.761246;[400, 200]
378.1277;212.92491;445.34073;329.98987;82.81649;[400, 200]
393.38608;176.29124;420.93222;297.4367;101.54948;[400, 200]
379.74063;216.63332;455.61487;337.6845;79.8922;[400, 200]
392.48547;204.05138;454.46844;316.8639;74.94924;[400, 200]
388.99133;210.87148;451.96625;327.6983;46.349644;[400, 200]
425.7198;206.44838;502.6087;308.26367;78.528145;[450, 200]
437.65298;237.42287;498.68866;309.8048;86.14922;[450, 200]
442.894;252.4329;505.58344;311.2519;77.48092;[450, 200]
427.60498;243.20763;500.4477;310.82172;54.149296;[450, 200]
427.00238;218.17142;502.59076;284.60498;80.273155;[450, 200]
405.6985;247.56328;499.95862;309.37592;87.625534;[450, 200]
442.7895;136.10423;447.46503;212.09578;213.63083;[500, 200]
503.46912;277.8513;544.82825;306.2832;112.619484;[500, 200]
490.20294;277.1965;547.88367;307.38266;110.7152;[500, 200]
489.1953;284.09814;550.9449;307.1673;107.11289;[500, 200]
480.46863;274.40268;549.786;307.4773;111.467026;[500, 200]
479.15125;291.01724;556.6525;302.86707;98.28359;[500, 200]
480.01562;284.56558;549.9675;303.5857;104.91256;[500, 200]
468.1958;262.59732;549.95917;298.5708;103.6563;[500, 200]
475.09332;286.57205;552.63947;301.0042;103.00835;[500, 200]
481.87878;286.1207;551.559;304.7547;104.460976;[500, 200]
479.8521;289.30408;552.25336;304.4485;103.73283;[500, 200]
372.46613;276.7283;484.2758;320.3529;101.64311;[550, 200]
542.342;341.18353;619.3752;303.47864;149.78357;[550, 200]
537.9976;286.35355;591.9422;146.82672;318.06943;[550, 200]
528.9951;265.9239;547.30475;290.19745;148.54678;[550, 200]
524.7495;276.72482;576.1549;166.88028;213.48032;[550, 200]
526.55145;335.09372;612.69025;299.56787;149.39145;[550, 200]
532.32806;304.68903;589.0647;301.88977;146.66898;[550, 200]
522.7213;119.59376;360.21295;154.90219;360.42776;[550, 200]
534.0752;315.23465;567.34064;301.04428;147.61166;[550, 200]
112.67523;299.2518;233.93205;510.684;337.11618;[50, 250]
108.80121;284.8027;213.05272;566.5986;369.8707;[50, 250]
113.03106;282.66315;215.43883;558.68256;368.20132;[50, 250]
123.90542;275.1225;215.80849;526.66534;379.72733;[50, 250]
123.51203;274.95905;217.33698;527.2577;379.0897;[50, 250]
116.1955;278.58344;212.26744;554.2235;374.54352;[50, 250]
123.51531;274.52493;215.15407;531.8854;377.84534;[50, 250]
115.69615;280.3916;217.86963;555.967;368.87015;[50, 250]
123.66232;274.7407;214.49559;530.2166;378.57184;[50, 250]
114.540436;281.29852;218.12852;557.05664;368.80026;[50, 250]
118.854706;276.42078;210.7585;549.1623;373.8868;[50, 250]
143.95862;257.13034;349.65198;487.6753;259.899;[100, 250]
234.2496;116.52647;387.43707;353.29523;223.21094;[100, 250]
217.47713;169.70145;281.68558;411.7525;252.63715;[100, 250]
217.9883;170.37706;284.38245;408.5611;253.90318;[100, 250]
198.76791;216.0579;251.02899;459.45703;299.74112;[100, 250]
143.3426;245.3998;270.14246;486.3883;321.2108;[100, 250]
134.28915;245.92664;259.31567;491.61877;323.23447;[100, 250]
143.43825;192.96272;256.79904;465.80954;303.6846;[100, 250]
142.43164;244.34412;248.04;485.76855;325.53067;[100, 250]
179.66539;216.89047;252.88759;461.63254;287.4782;[150, 250]
239.00874;171.78601;256.4727;423.15967;279.62146;[150, 250]
181.39842;194.48888;251.1681;444.43768;290.52274;[150, 250]
174.95975;202.61537;253.01627;451.31024;297.0269;[150, 250]
220.24292;242.80595;256.97858;473.2148;260.36023;[150, 250]
173.20393;240.03763;255.08601;464.72766;293.36835;[150, 250]
191.90428;193.41264;246.74413;433.5163;297.61484;[150, 250]
184.49306;184.35417;246.87787;428.1863;297.84528;[150, 250]
209.68614;172.52638;247.51888;413.67642;294.1736;[150, 250]
190.79915;179.98036;248.58057;426.31116;293.93756;[150, 250]
222.70091;169.37056;285.2434;408.5615;246.40007;[200, 250]
221.94057;170.23076;285.96313;405.4047;247.2582;[200, 250]
218.16566;168.95395;284.68668;419.38654;247.7941;[200, 250]
169.67314;235.9788;273.00366;457.20508;257.90585;[200, 250]
208.18365;171.25356;275.75854;427.99307;253.0483;[200, 250]
215.00288;169.6835;283.27814;415.5249;252.20602;[200, 250]
219.02962;169.74135;282.90598;411.3484;251.1512;[200, 250]
218.78252;168.93343;283.47128;411.11133;249.143;[200, 250]
208.77312;170.25447;274.5023;431.06824;250.58914;[200, 250]
204.00992;194.90556;299.7017;443.628;233.51819;[250, 250]
222.17024;173.77039;305.45084;427.6029;215.9714;[250, 250]
222.67087;171.50456;315.94586;415.43552;210.77332;[250, 250]
354.59012;62.15628;202.75151;334.5848;359.6973;[250, 250]
260.87317;142.44864;258.34827;399.0069;295.79507;[250, 250]
237.39632;166.05937;331.86823;378.30136;213.67639;[250, 250]
219.39394;171.61223;267.4412;404.43768;265.61258;[250, 250]
228.55492;155.84616;321.4909;364.86157;243.38297;[250, 250]
223.06268;171.85817;327.43036;415.07684;243.48758;[250, 250]
238.09143;146.36366;324.51257;371.71002;231.30228;[250, 250]
209.31148;173.91212;294.0676;442.62775;232.35239;[250, 250]
345.26614;218.0403;443.30664;351.3177;105.817955;[300, 250]
314.71704;134.9915;349.08997;334.72992;174.77914;[300, 250]
309.227;135.4829;347.8075;328.2829;175.40413;[300, 250]
311.48996;134.8474;350.74423;339.1767;176.50633;[300, 250]
311.57587;138.92758;349.46924;327.72702;174.77992;[300, 250]
511.61035;143.40038;404.24298;169.34348;245.90749;[300, 250]
311.54028;138.03438;352.44855;326.14032;174.88849;[300, 250]
318.10254;138.41277;354.6703;327.94067;175.43436;[300, 250]
347.10492;139.60246;374.88162;342.75433;174.28235;[300, 250]
463.6239;139.94029;403.12054;180.99956;231.51471;[300, 250]
309.57196;137.18587;347.51932;331.50793;175.611;[300, 250]
359.88403;149.09773;398.5155;290.00317;152.32147;[350, 250]
335.1969;136.6744;382.76535;326.49646;171.95303;[350, 250]
393.18692;119.556366;397.74017;253.25333;141.02069;[350, 250]
383.92004;145.63918;399.81747;298.18176;131.3365;[350, 250]
372.97107;147.32698;406.48715;302.0765;144.39363;[350, 250]
355.7366;101.538536;388.32812;277.35803;154.7338;[350, 250]
352.52692;133.9004;395.91953;291.8962;156.0344;[350, 250]
360.15277;36.918114;306.7815;273.59613;246.00441;[350, 250]
398.9597;207.5215;488.63693;295.15735;112.007324;[400, 250]
477.98663;171.27629;418.43024;264.6267;183.74802;[400, 250]
524.27374;164.23364;455.41794;158.62498;309.839;[400, 250]
551.9288;257.4385;510.77182;65.731094;324.0637;[400, 250]
407.765;174.79274;419.25104;274.27216;213.1565;[400, 250]
438.8975;200.93938;452.68814;294.59772;123.960686;[400, 250]
485.47214;178.1758;431.56085;244.50368;176.26956;[400, 250]
434.61078;168.18681;408.12216;254.11688;152.15518;[400, 250]
523.6125;168.17946;423.9175;102.013626;284.21786;[400, 250]
453.17752;173.33377;455.71387;283.65833;144.89856;[400, 250]
526.6797;256.23465;542.2334;278.88522;169.12202;[450, 250]
392.3736;110.03875;393.42947;310.76422;52.436848;[450, 250]
448.5263;209.69783;502.11395;257.84537;133.514;[450, 250]
488.17212;291.07648;555.8837;305.7702;106.29186;[450, 250]
366.72504;41.49317;413.19556;255.26259;187.52979;[450, 250]
399.52002;120.12208;438.72775;223.38643;261.3228;[450, 250]
453.63083;206.34154;458.03296;215.08739;239.31934;[450, 250]
429.32672;123.9733;438.74;239.32005;123.59055;[450, 250]
451.29337;176.47108;459.3996;179.78484;174.0633;[450, 250]
490.22574;224.23811;513.88855;167.33022;108.74541;[450, 250]
454.39343;248.36694;537.7245;307.42786;107.624725;[450, 250]
431.01624;186.67436;480.622;245.23412;122.25731;[450, 250]
431.66873;181.56369;481.8966;242.47769;124.39698;[450, 250]
366.83893;81.013405;394.2235;281.9317;132.96826;[450, 250]
495.72888;254.37508;539.0374;255.32164;136.96613;[500, 250]
490.7259;247.13066;528.7364;246.497;144.2673;[500, 250]
491.7691;254.40189;533.5345;257.6023;142.94225;[500, 250]
491.5325;251.84856;531.2376;254.92372;144.6506;[500, 250]
498.49756;249.66693;523.2719;240.6555;183.21884;[500, 250]
496.1266;254.1332;538.5892;253.751;136.77594;[500, 250]
500.0459;254.9128;537.6893;254.90211;139.13083;[500, 250]
490.57483;257.82748;542.11414;251.80989;139.43488;[500, 250]
508.0694;254.6175;535.97864;246.04314;139.86015;[500, 250]
497.61325;246.29445;518.68463;215.99901;213.91386;[500, 250]
383.0028;284.68555;479.46783;306.7812;135.96295;[550, 250]
370.24646;283.84067;480.33395;313.59195;140.14844;[550, 250]
621.9539;281.01462;553.4025;25.695919;367.8294;[550, 250]
389.6549;308.00565;532.83765;372.19797;105.5097;[550, 250]
491.54813;185.13087;455.58313;276.6725;212.15248;[550, 250]
517.6857;132.64397;366.38638;214.02077;333.78253;[550, 250]
427.84924;198.71254;449.69452;253.52502;152.44872;[550, 250]
430.17694;309.91815;562.2698;264.46527;134.32219;[550, 250]
377.76624;251.44925;507.04733;161.75787;289.28143;[550, 250]
377.9469;276.52774;489.9405;302.7903;140.05597;[550, 250]
559.67163;280.92886;556.4936;173.69626;191.22543;[550, 250]
257.80652;243.29243;122.283554;459.30032;412.4971;[50, 300]
162.1249;252.26787;178.01208;500.89883;392.49014;[50, 300]
192.54662;248.69794;122.356575;497.30026;428.2334;[50, 300]
279.77917;243.295;130.29382;464.32153;402.99817;[50, 300]
224.22247;247.15158;117.563286;483.4333;431.50204;[50, 300]
194.79156;247.05566;125.04901;500.0077;426.12607;[50, 300]
213.55582;258.22733;100.66937;484.66187;429.66898;[50, 300]
199.56635;257.50403;109.8732;487.64258;425.36484;[50, 300]
229.21123;254.57118;68.2457;487.6308;456.29367;[50, 300]
187.64412;250.68187;150.90062;494.56573;426.75278;[50, 300]
171.28001;253.37386;160.32787;497.77408;407.87534;[50, 300]
192.21523;254.56703;125.681335;493.45416;421.3661;[50, 300]
190.9677;247.3734;137.03868;503.8099;420.14297;[50, 300]
269.63812;165.69923;196.29051;361.81183;362.3585;[100, 300]
276.85687;190.80983;122.211365;424.1624;355.14563;[100, 300]
234.98842;191.12416;158.7228;439.7578;361.8517;[100, 300]
192.94682;210.42229;189.35197;456.92694;363.26273;[100, 300]
278.484;158.08952;150.27684;390.29193;377.66843;[100, 300]
254.0363;196.32668;187.34764;438.91028;355.8326;[100, 300]
285.14362;126.66039;283.5472;348.43683;245.16054;[100, 300]
289.58398;178.59288;141.07858;418.02542;385.81128;[100, 300]
277.79758;177.08263;180.73337;407.0288;363.45825;[100, 300]
267.73172;138.8018;227.06635;359.6944;255.47183;[100, 300]
194.77019;233.05553;153.54616;484.84827;374.59677;[100, 300]
203.97548;209.23941;169.19069;459.91064;385.85092;[100, 300]
277.24652;156.55255;187.85765;366.07947;395.94635;[100, 300]
230.23633;170.2786;217.10814;424.49268;314.9141;[150, 300]
220.8095;169.25761;206.32184;421.4406;321.13013;[150, 300]
220.97665;164.05193;205.97746;419.22104;324.39627;[150, 300]
216.8445;166.04872;212.15611;408.8955;314.0189;[150, 300]
242.19589;161.10995;213.87433;414.06158;315.85117;[150, 300]
213.21214;170.59308;213.202;422.47534;309.4666;[150, 300]
220.21776;165.30052;207.6659;419.8165;323.3312;[150, 300]
214.35716;170.41716;223.24657;417.80756;305.75482;[150, 300]
213.61388;184.08028;207.57362;429.88837;326.10483;[150, 300]
212.19296;170.44383;212.73029;421.66296;316.4385;[150, 300]
255.55591;124.48564;249.56366;384.7116;272.8549;[200, 300]
261.76108;122.10429;249.98627;378.20554;277.04727;[200, 300]
253.44884;124.21586;250.03896;393.3557;273.95474;[200, 300]
253.11853;124.80285;252.35966;383.38254;274.26645;[200, 300]
251.60881;124.17963;247.49391;390.54456;275.1503;[200, 300]
282.1396;100.95367;278.5786;344.8681;240.99481;[250, 300]
286.2111;100.478264;273.13934;353.2248;238.85117;[250, 300]
287.28766;96.1336;285.28156;339.4066;234.32619;[250, 300]
289.0108;165.84718;190.60727;383.262;274.27255;[250, 300]
278.0226;176.98369;281.62524;377.53503;250.6796;[250, 300]
295.88388;149.28925;280.7829;341.3485;226.86098;[250, 300]
289.2616;95.87234;283.66998;342.5794;236.5434;[250, 300]
294.42963;97.12301;281.15707;334.02567;235.157;[250, 300]
277.00815;157.47191;191.79626;384.55362;264.61542;[250, 300]
383.79144;180.41852;153.61946;340.07028;403.66232;[250, 300]
287.1853;96.167946;283.91895;338.53455;236.03625;[250, 300]
288.08487;97.29532;275.31976;342.73535;237.14275;[250, 300]
283.2405;161.63603;284.83337;360.36102;242.64932;[250, 300]
296.20575;98.52883;283.68097;341.9755;232.12714;[250, 300]
388.0808;215.78113;466.01843;321.9379;82.09488;[300, 300]
329.94434;194.9487;397.85773;382.90744;135.71167;[300, 300]
336.29034;95.002174;348.04987;294.79913;204.3701;[300, 300]
351.8006;142.6968;379.32574;287.77478;203.50642;[300, 300]
354.69812;97.487785;334.53577;300.83798;208.10028;[300, 300]
340.60706;196.42181;400.6936;353.1169;102.58341;[300, 300]
457.3693;89.715996;367.857;190.40016;308.12186;[350, 300]
448.33768;106.46081;359.33075;231.78355;190.86133;[350, 300]
361.41263;110.2132;387.347;274.01984;180.12001;[350, 300]
395.26517;96.699356;374.74298;290.70673;127.61062;[350, 300]
366.76202;106.25303;366.60394;265.98538;183.54716;[350, 300]
359.59442;110.23058;381.60083;273.27658;179.76859;[350, 300]
379.85583;101.87025;352.0686;263.80075;190.35252;[350, 300]
393.2303;108.57682;387.27524;256.52362;182.87177;[350, 300]
388.84735;107.53152;350.96075;264.3768;202.51726;[350, 300]
376.6701;110.91826;393.41208;274.299;182.54993;[350, 300]
361.12204;108.87664;377.08868;272.26837;182.83932;[350, 300]
361.70746;111.6707;383.59106;265.56287;180.793;[350, 300]
363.56192;109.73032;385.86984;270.04962;179.5079;[350, 300]
360.7569;101.478836;368.33737;254.09386;184.09671;[350, 300]
359.57297;110.891975;370.13116;256.48016;183.64896;[350, 300]
447.17694;105.54919;338.72083;225.81987;209.46362;[350, 300]
384.09412;109.55781;379.3764;274.56384;180.64886;[350, 300]
363.51538;165.89882;397.6694;287.704;185.08154;[350, 300]
390.8944;106.9761;405.8062;280.88806;137.65897;[350, 300]
366.43298;99.09408;366.39453;271.9968;183.63344;[350, 300]
385.02045;194.76067;436.9391;321.8885;91.78315;[350, 300]
363.1639;60.333714;365.96167;268.99536;188.5604;[350, 300]
473.32336;222.87604;505.9494;219.34676;180.9505;[400, 300]
422.27127;131.83305;408.30963;214.55573;200.43079;[400, 300]
382.1795;145.53523;392.7053;293.22363;136.4895;[400, 300]
428.2566;129.75821;403.6842;208.14082;208.72531;[400, 300]
425.23755;123.37945;250.27127;267.82706;371.23087;[400, 300]
423.58612;150.26186;426.0204;239.14185;175.58344;[400, 300]
461.85535;186.09558;474.9754;211.28047;176.71301;[450, 300]
465.80823;184.703;471.88287;208.73714;177.70842;[450, 300]
484.9403;204.97331;496.46274;203.23727;182.55106;[450, 300]
467.12585;182.89296;464.1457;209.25581;179.46552;[450, 300]
485.26773;192.02135;484.51715;206.72449;182.59204;[450, 300]
474.0927;188.73888;480.48395;216.77393;177.52042;[450, 300]
468.02942;186.4154;478.10193;211.4752;177.3287;[450, 300]
482.97302;196.64848;486.74072;208.26608;180.73917;[500, 300]
482.8136;218.71725;506.2415;215.25322;179.71964;[500, 300]
507.2304;220.07878;505.70734;193.50926;207.97867;[500, 300]
479.23755;206.45552;498.03894;213.5548;178.02344;[500, 300]
460.99197;144.53975;445.0027;203.72932;210.06131;[500, 300]
498.06622;226.1054;521.85406;204.08037;190.5393;[500, 300]
484.77625;218.19676;499.55862;215.36404;178.4926;[500, 300]
553.2225;268.34464;555.1359;193.36032;215.20099;[550, 300]
579.3761;270.97812;550.3012;187.00972;223.83533;[550, 300]
556.9061;257.14514;532.44525;203.21269;210.60394;[550, 300]
556.13965;276.88388;563.1501;204.76656;212.12851;[550, 300]
554.5179;266.6866;553.2503;200.11803;211.79218;[550, 300]
555.563;265.40448;538.69037;169.04659;274.26407;[550, 300]
556.8107;275.57886;554.9321;209.5302;211.46848;[550, 300]
559.99225;273.02573;557.0847;210.05086;207.58902;[550, 300]
197.51248;250.61778;117.815254;506.69324;386.15857;[50, 350]
226.23401;236.12227;125.393845;488.42715;412.26852;[50, 350]
191.90828;248.19398;142.1473;483.29218;398.7473;[50, 350]
212.36937;245.11638;117.96805;486.60547;423.34756;[50, 350]
196.35356;185.8395;165.48885;483.8331;372.91074;[50, 350]
198.61456;248.06326;122.28908;493.4256;426.18008;[50, 350]
251.71156;271.25656;405.65967;472.2304;140.91321;[50, 350]
259.58002;242.38774;123.03622;477.32;411.75967;[50, 350]
202.74812;247.49434;113.826645;501.56915;421.00714;[50, 350]
421.20718;248.09813;453.3127;289.8956;333.90042;[50, 350]
208.64174;193.13484;194.44408;437.69058;364.29538;[100, 350]
227.66216;158.03947;273.57385;431.70563;339.64105;[100, 350]
204.03337;200.64758;204.4346;459.50757;303.903;[100, 350]
243.59407;178.76126;168.73396;419.54266;392.32196;[100, 350]
329.1249;133.33195;312.5843;293.6029;343.18777;[100, 350]
235.51912;157.42049;194.51442;416.09662;326.31058;[100, 350]
228.60435;160.57005;195.23909;420.09027;328.9591;[100, 350]
197.18794;199.71147;217.70236;452.59286;360.98105;[100, 350]
264.77124;136.70978;175.7563;390.13318;346.07303;[100, 350]
216.79356;189.1629;183.2378;410.40454;375.05255;[100, 350]
236.33745;187.93683;197.64989;444.3033;357.40628;[100, 350]
320.49173;134.77376;187.00789;358.01;363.32272;[150, 350]
264.12054;147.16667;172.01982;386.2911;363.07074;[150, 350]
272.17645;109.725365;200.50517;349.92188;325.8634;[150, 350]
220.50516;179.18126;196.48305;440.3365;321.6395;[150, 350]
255.52985;144.1599;184.93819;396.25864;339.55283;[150, 350]
326.27762;95.757034;195.31427;345.49567;345.31277;[150, 350]
327.33594;113.18168;193.0265;356.31863;345.02924;[150, 350]
233.21397;164.1742;185.04109;434.08655;335.39258;[150, 350]
233.88461;157.96597;186.31628;425.12057;334.78976;[150, 350]
299.30457;120.77307;171.49478;384.17914;336.6109;[150, 350]
241.48845;151.39618;186.80789;412.59583;336.40335;[150, 350]
358.081;147.47096;174.28181;361.86227;417.85165;[150, 350]
250.95274;156.91241;194.57944;406.83456;329.57043;[150, 350]
293.17474;101.17809;201.83214;351.41034;320.02512;[200, 350]
239.54753;158.43398;198.12364;410.19043;325.40146;[200, 350]
271.04242;131.88272;206.89003;385.2858;418.31314;[200, 350]
315.6371;98.92976;202.41003;335.94696;330.90543;[200, 350]
259.11465;129.79164;213.63576;404.05634;308.6755;[200, 350]
285.44852;86.943306;251.03703;355.26025;291.38068;[200, 350]
298.42346;99.016975;200.90544;341.48285;333.0239;[200, 350]
257.3366;119.9663;243.6168;380.99353;291.95056;[200, 350]
265.0699;124.799614;215.51015;372.7519;302.81665;[200, 350]
308.17905;97.16427;207.82387;332.11682;320.42984;[200, 350]
262.31934;112.00225;228.97644;362.65024;300.14346;[200, 350]
260.1182;103.215294;202.2821;381.84717;321.0197;[200, 350]
381.84396;63.33024;257.01797;298.52875;289.6709;[250, 350]
353.33215;61.610275;257.2422;282.34143;295.3148;[250, 350]
332.734;55.76622;283.60052;314.9026;224.28555;[250, 350]
395.61417;72.776695;255.38033;309.15356;299.1046;[250, 350]
322.42953;62.90837;264.2759;322.6462;280.6947;[250, 350]
316.96063;61.85475;265.38254;326.64307;280.33786;[250, 350]
309.40027;68.41224;259.7201;330.92657;278.28976;[250, 350]
322.47946;63.105083;267.89612;320.57916;277.9154;[250, 350]
303.75867;62.980236;253.29556;332.63678;278.8102;[250, 350]
358.02835;41.954647;300.23273;276.07227;255.32047;[300, 350]
360.07837;36.38668;309.11057;271.08408;247.2714;[300, 350]
362.4235;45.38748;316.083;269.2815;227.53058;[300, 350]
364.23566;42.165672;302.0245;270.50586;244.11414;[300, 350]
360.86743;37.10262;319.02142;271.38086;221.71123;[300, 350]
358.78827;37.107044;307.771;273.98804;250.87495;[300, 350]
360.7262;59.237633;314.43073;272.3777;233.48872;[300, 350]
360.83826;38.183365;304.77905;273.93243;245.7672;[300, 350]
360.5752;37.29917;306.4178;272.06674;246.15228;[300, 350]
362.88235;39.087452;303.45197;272.57983;251.34662;[300, 350]
359.01382;42.852856;310.91925;273.48395;246.43857;[300, 350]
379.9442;164.9349;402.883;297.11542;196.69531;[350, 350]
391.5393;71.14785;353.2715;233.31036;239.20526;[350, 350]
390.18854;70.281975;352.96066;230.75812;233.65332;[350, 350]
402.0827;76.9028;350.68222;230.87538;237.17198;[350, 350]
389.68927;120.99023;394.73486;315.202;89.767204;[350, 350]
406.825;89.110504;351.17413;214.34248;301.14368;[350, 350]
385.227;197.82263;423.32123;292.37738;102.00143;[350, 350]
396.50882;70.88162;356.29022;232.74702;240.08728;[350, 350]
401.45636;82.862175;353.62036;223.89626;239.23575;[350, 350]
391.01657;91.76597;356.98022;249.60793;222.91644;[350, 350]
388.87677;227.17006;410.4336;346.1515;77.419754;[350, 350]
363.2739;207.23804;417.3253;339.47238;97.39123;[350, 350]
422.14648;133.28383;408.86508;210.19691;210.39677;[400, 350]
451.18097;118.189;407.09802;207.0804;227.7443;[400, 350]
427.3112;128.58182;406.93658;205.97533;219.29471;[400, 350]
444.70233;122.320045;411.18503;199.9768;213.08115;[400, 350]
448.54663;121.66182;404.1184;201.6296;212.78214;[400, 350]
475.81744;260.07343;509.3313;196.65495;116.553024;[400, 350]
444.8296;116.38566;401.40228;201.24844;214.40973;[400, 350]
427.93893;127.848076;407.66428;204.87885;225.73412;[400, 350]
456.95633;118.68333;426.01746;202.09181;207.25653;[400, 350]
457.29282;116.57407;419.87375;199.14612;193.94426;[400, 350]
426.53656;127.337585;408.1978;205.06584;226.94499;[400, 350]
438.2783;126.177315;407.6737;199.71425;247.3735;[400, 350]
430.75754;128.48772;407.25177;206.28902;218.87068;[400, 350]
430.59103;130.79753;407.79962;209.09744;218.4721;[400, 350]
432.00494;131.03606;407.5911;209.20375;216.33638;[400, 350]
483.50238;164.70326;454.63083;165.44017;226.77994;[450, 350]
482.95758;166.92268;458.10254;160.98926;226.30878;[450, 350]
472.41864;167.87794;456.03064;163.00166;223.47603;[450, 350]
568.92694;220.26976;491.14014;72.59085;332.33527;[450, 350]
484.11502;167.7202;454.56296;162.04521;227.16464;[450, 350]
486.24054;167.65778;470.0708;162.75706;224.335;[450, 350]
531.0377;217.83582;499.51263;151.3349;231.93082;[500, 350]
505.05008;216.12093;495.11072;156.79248;233.13562;[500, 350]
507.2292;207.40334;493.6926;154.77553;233.99875;[500, 350]
533.3631;218.01366;500.11017;153.906;232.66333;[500, 350]
532.2784;232.01262;496.67914;146.39273;234.88348;[500, 350]
507.32996;214.48592;494.83575;159.53108;232.3385;[500, 350]
657.82404;279.15137;552.6695;23.794092;403.12277;[550, 350]
570.9034;267.11008;555.25946;159.61383;251.87761;[550, 350]
565.1001;262.36386;553.67645;161.00142;253.11572;[550, 350]
556.04724;263.80313;557.17566;159.14763;249.54054;[550, 350]
564.32794;257.40472;551.43365;157.4103;260.2867;[550, 350]
563.0878;265.7835;554.5752;164.60039;242.88232;[550, 350]
544.102;258.63528;536.4489;153.34384;257.7851;[550, 350]
574.45807;261.71252;554.4288;152.78238;256.8809;[550, 350]
553.43274;257.46686;548.16223;156.35435;252.46075;[550, 350]
551.1565;257.36963;550.5539;156.60226;245.66837;[550, 350]
263.2027;242.10269;84.39328;477.10492;445.6166;[50, 400]
209.67816;243.9123;108.1118;490.39124;431.58444;[50, 400]
259.8259;225.275;108.054756;471.6396;423.6992;[50, 400]
256.1602;251.33855;64.504;489.22104;455.78036;[50, 400]
284.18976;216.00932;92.446884;452.78796;433.09415;[50, 400]
288.0816;232.02171;71.11974;450.80115;459.18875;[50, 400]
276.96585;224.27568;100.843094;461.75076;433.5178;[50, 400]
274.5587;228.76915;97.622986;462.81607;435.10895;[50, 400]
207.1635;246.0143;106.56998;486.4576;427.91873;[50, 400]
252.27632;241.72704;92.3376;481.1895;436.98096;[50, 400]
317.46362;234.25914;63.308975;455.91608;457.08838;[50, 400]
276.40613;240.69383;67.31718;464.4173;450.52353;[50, 400]
274.84357;242.30528;65.322075;475.96704;447.30557;[50, 400]
291.12805;227.31125;80.9463;449.76898;441.32767;[100, 400]
286.90002;213.06628;114.785446;429.54007;398.57236;[100, 400]
283.1109;189.67448;111.35935;436.90436;402.61038;[100, 400]
272.66583;235.7837;85.56659;466.8763;437.9036;[100, 400]
280.90558;189.81197;102.954056;449.6975;388.46475;[100, 400]
260.3462;246.10376;73.838264;481.37848;440.63644;[100, 400]
277.59772;192.06712;116.20167;442.4046;398.80472;[100, 400]
289.0025;187.7749;105.34202;436.167;275.9022;[100, 400]
292.51385;135.29134;147.92787;397.25845;374.5563;[150, 400]
304.66837;131.59367;153.7783;375.73743;367.52365;[150, 400]
292.3233;133.69243;147.92693;396.33337;373.67923;[150, 400]
291.76447;135.23259;148.21349;391.96545;374.6041;[150, 400]
300.01276;147.6219;142.19978;391.94672;386.80038;[150, 400]
296.3348;135.53261;146.1344;385.8212;375.65134;[150, 400]
299.9012;139.65369;149.65027;385.4172;353.43896;[150, 400]
362.33093;199.25128;127.66342;404.699;442.16092;[150, 400]
297.09418;138.63094;142.74088;397.60492;376.58084;[150, 400]
297.9886;137.79419;149.71992;388.07162;369.52994;[150, 400]
292.98044;134.69556;149.31181;392.22055;373.16824;[150, 400]
318.4914;156.63954;132.6273;405.75873;376.80667;[150, 400]
318.58997;130.71146;156.52658;372.183;366.7604;[150, 400]
293.43903;136.06601;147.71072;393.9558;373.1513;[150, 400]
293.70898;136.0548;148.65146;392.70386;373.45874;[150, 400]
259.05017;130.00673;183.40361;385.67902;344.54556;[200, 400]
332.3412;89.93383;198.61626;333.69836;341.36508;[200, 400]
326.20593;87.49191;201.7277;338.65833;340.88788;[200, 400]
317.38336;96.70735;203.53104;335.11218;333.2762;[200, 400]
305.60852;98.5176;211.20753;342.91934;319.55655;[200, 400]
328.82733;89.63707;200.53241;337.16443;337.48544;[200, 400]
313.39914;89.61309;187.57095;351.2856;348.5939;[200, 400]
333.5399;73.86588;198.32787;336.251;347.13373;[200, 400]
326.01508;96.833244;195.16154;344.20016;360.05362;[200, 400]
311.24316;103.562416;192.10469;366.0047;355.6094;[200, 400]
376.52835;48.244083;243.54607;304.95676;372.79868;[250, 400]
332.2833;94.85137;195.07549;352.05106;328.89468;[250, 400]
302.78796;86.49342;184.63379;372.381;330.9661;[250, 400]
348.79593;37.410847;245.58638;291.12714;315.2717;[250, 400]
365.02032;41.93333;247.41728;290.1534;307.4302;[250, 400]
400.50177;55.295147;293.46802;233.0056;307.81107;[300, 400]
383.87448;41.78704;340.16608;265.63556;232.9248;[300, 400]
384.81192;32.653614;296.55316;242.40654;298.14417;[300, 400]
387.82507;34.69452;294.53802;251.20479;298.59384;[300, 400]
391.3346;34.26152;296.15414;244.381;297.77237;[300, 400]
395.89233;44.412407;294.9632;241.14822;303.4613;[300, 400]
393.73306;43.78743;294.1866;254.70943;304.5585;[300, 400]
401.98468;47.76098;295.4652;235.92491;299.92737;[300, 400]
388.3255;44.505096;295.2914;255.26427;310.12546;[300, 400]
399.3194;41.638786;294.21182;233.09077;305.2631;[300, 400]
399.79358;45.96308;293.5923;233.89;306.57327;[300, 400]
394.96692;31.654142;294.832;271.40094;296.81735;[300, 400]
415.1754;34.352478;296.0776;274.44186;302.8221;[300, 400]
417.50644;66.975136;293.05798;239.62091;332.17603;[300, 400]
404.95596;51.05726;293.04498;236.68253;308.67587;[300, 400]
460.2373;191.04018;348.74976;180.02869;269.3757;[350, 400]
422.41562;61.14849;340.8593;200.7317;283.6512;[350, 400]
446.99237;69.24429;355.6479;186.35048;279.18256;[350, 400]
422.33325;61.598427;340.91656;199.71144;283.33545;[350, 400]
407.6268;58.418446;343.80597;230.3365;255.33202;[350, 400]
424.6146;64.03136;343.0462;195.78716;282.43234;[350, 400]
424.69287;64.71053;341.85513;193.33;282.73788;[350, 400]
430.37643;63.397903;344.9184;192.80565;275.01254;[350, 400]
421.4629;63.57422;343.67935;204.28645;279.74966;[350, 400]
423.27563;63.965126;342.17743;195.84859;282.48425;[350, 400]
425.35245;63.07788;342.87933;197.55113;277.12094;[350, 400]
457.9516;106.346596;391.5974;157.2878;269.88858;[400, 400]
453.99777;108.037445;400.62534;155.99208;266.9014;[400, 400]
554.8958;206.95747;463.89862;80.53735;294.7703;[400, 400]
496.37115;105.43238;397.03876;129.43443;278.4361;[400, 400]
471.0149;157.80785;404.20386;138.39886;200.66415;[450, 400]
560.82654;263.00418;493.98932;59.89874;326.8967;[450, 400]
503.38525;150.37045;409.35388;118.10865;278.93463;[450, 400]
540.99884;120.33785;395.90503;97.43713;307.01248;[450, 400]
526.40704;156.38121;406.17798;117.861244;324.31512;[450, 400]
331.5276;81.73648;310.7774;293.61102;206.64508;[450, 400]
445.77673;162.20206;422.97092;70.21313;325.35806;[450, 400]
512.77515;180.23833;440.4629;114.53465;328.9871;[450, 400]
533.65234;172.89398;450.30096;111.76126;276.86667;[450, 400]
366.0763;95.77128;339.47144;289.9877;199.81812;[450, 400]
559.0926;211.3762;482.70346;73.23485;325.90445;[450, 400]
559.0545;204.14594;466.20474;87.13469;298.51385;[450, 400]
544.27875;209.92036;459.90308;113.48399;220.42899;[450, 400]
531.02936;219.54744;488.91595;184.766;329.95935;[500, 400]
544.21796;210.01799;496.28696;103.599846;279.3519;[500, 400]
526.7788;160.81703;413.13138;113.18078;273.2573;[500, 400]
550.5195;209.948;489.9366;106.701035;282.91977;[500, 400]
561.2466;210.17;489.91522;70.164986;321.95114;[500, 400]
563.32135;210.82788;491.33817;89.67583;297.0338;[500, 400]
555.77765;209.80836;491.09296;98.06732;287.91687;[500, 400]
526.7788;160.81703;413.13138;113.18078;273.2573;[500, 400]
518.9395;208.47586;486.23944;110.561104;273.89813;[500, 400]
556.7797;210.83093;485.36975;104.42413;286.17038;[500, 400]
558.3481;219.53453;486.0;73.758934;314.68173;[500, 400]
553.96185;179.90312;433.35904;97.96066;367.29636;[550, 400]
565.6259;223.15575;493.56512;90.975105;299.8384;[550, 400]
576.7516;234.55702;504.97015;129.96893;268.7629;[550, 400]
572.97626;234.65486;508.5636;141.10503;255.36755;[550, 400]
567.38043;221.35307;493.2254;71.085846;327.24954;[550, 400]
594.8897;248.2083;546.7608;118.59622;305.97897;[550, 400]
591.96063;242.24;517.0739;44.674274;342.8805;[550, 400]
607.64703;249.85197;541.593;97.04512;289.1301;[550, 400]
580.2579;262.81995;529.4937;128.23901;292.57718;[550, 400]
602.8286;249.61461;533.67456;117.98195;320.18887;[550, 400]
602.89484;254.59364;509.8116;73.12689;347.2913;[550, 400]
259.88528;246.75215;74.95755;483.53076;437.33676;[50, 450]
380.16766;147.58536;122.0544;429.98346;448.20868;[50, 450]
240.15935;246.9413;94.180626;484.71002;430.08536;[50, 450]
294.89755;244.61046;74.53459;483.54016;437.64468;[50, 450]
270.52798;243.53221;63.40782;479.17474;444.18265;[50, 450]
282.5864;242.59483;66.486496;464.54022;450.5785;[50, 450]
299.9765;240.50195;71.84445;461.51694;440.645;[50, 450]
303.2767;243.6951;64.69855;483.06912;457.21823;[50, 450]
243.64714;253.51682;76.237946;492.1731;463.89056;[50, 450]
283.2989;240.903;88.08888;457.0145;443.8234;[50, 450]
224.95853;249.79857;115.41156;489.46317;443.29654;[50, 450]
305.84488;239.35252;66.6928;468.6143;453.2884;[50, 450]
295.20154;244.35721;57.531906;466.98706;453.16714;[50, 450]
282.32333;239.38554;77.82957;463.93994;437.60556;[50, 450]
452.94827;114.5073;198.62288;252.59618;386.86252;[100, 450]
360.06534;164.31956;149.48036;366.44504;451.29025;[100, 450]
282.68106;235.36696;76.10672;452.11673;449.06155;[100, 450]
259.62112;244.0196;72.537445;482.84033;440.0843;[100, 450]
310.2746;246.96912;55.332657;473.7269;467.83713;[100, 450]
279.61792;242.5898;79.82544;472.43225;424.60016;[100, 450]
305.35315;236.94504;68.94197;463.6146;453.65;[100, 450]
279.21594;240.55873;90.536446;468.40533;437.00873;[100, 450]
314.03268;242.76639;58.82901;465.18622;459.68103;[100, 450]
383.51685;180.74635;126.875275;320.88458;436.65906;[100, 450]
268.55835;208.4929;110.075745;465.61627;411.6083;[100, 450]
349.62576;174.70073;80.03984;385.84985;438.09183;[100, 450]
339.1316;154.3118;139.96387;404.65692;409.41397;[100, 450]
280.04083;243.01703;95.21269;459.58688;434.56894;[100, 450]
355.5508;159.2844;186.10152;338.61758;412.80252;[100, 450]
337.1098;146.93703;175.03154;371.30148;382.2066;[150, 450]
328.5102;145.44508;184.8633;368.05774;377.99844;[150, 450]
376.16748;148.27855;183.28859;336.02618;410.45715;[150, 450]
338.03058;48.614555;204.19525;313.05902;331.10434;[150, 450]
337.41782;148.48845;148.40239;387.45847;401.62762;[150, 450]
292.29184;146.12248;178.21663;384.16595;362.63626;[150, 450]
358.8163;150.82318;140.24263;371.2716;419.9326;[150, 450]
332.93915;148.35533;161.6627;399.3273;391.04547;[150, 450]
282.86414;189.91258;170.94417;431.40027;405.0417;[150, 450]
351.77515;146.46239;159.70546;347.0544;410.9653;[150, 450]
346.77878;90.218864;200.01897;327.3343;353.72284;[200, 450]
352.37592;64.9319;232.13033;318.64334;323.12842;[200, 450]
355.44394;109.22263;168.67918;354.26486;376.4916;[200, 450]
350.59326;95.42263;199.24426;326.69934;356.88513;[200, 450]
332.87457;106.58497;197.6049;334.59555;368.19992;[200, 450]
357.0938;95.59953;199.97214;326.6255;362.16873;[200, 450]
348.93677;108.630005;173.2636;360.94016;384.358;[200, 450]
366.37683;214.43547;430.6195;343.9856;120.61729;[250, 450]
218.1204;243.32797;345.96075;444.54773;228.37637;[250, 450]
392.29465;96.25221;246.4293;283.7512;371.61356;[250, 450]
376.99478;151.84473;212.34044;365.8853;408.80026;[250, 450]
334.36713;105.99854;288.81067;332.01086;233.03476;[250, 450]
393.89264;77.2631;244.14;294.75226;341.22433;[250, 450]
398.6608;71.38972;242.91862;276.91983;358.6649;[250, 450]
384.96014;70.692825;245.18352;281.50568;357.6782;[250, 450]
417.773;73.69999;242.46306;187.54758;345.1021;[250, 450]
385.2524;72.081825;247.09654;278.1791;360.32938;[250, 450]
392.75745;70.54426;242.40465;277.2574;363.33676;[250, 450]
397.49127;70.805824;242.84401;276.55402;359.1511;[250, 450]
400.32745;75.99773;241.65059;308.6665;337.44128;[250, 450]
403.05554;74.31394;243.74072;266.409;325.41837;[250, 450]
421.85352;69.48278;291.59583;229.49179;348.7985;[300, 450]
403.5809;52.679924;293.36383;229.03088;311.51355;[300, 450]
424.0023;66.742744;292.69165;229.92183;347.47607;[300, 450]
389.1339;100.05706;345.24417;253.97746;189.49216;[300, 450]
414.1709;60.624855;293.04065;227.7179;332.50275;[300, 450]
418.86945;61.356415;293.01584;230.65315;341.68643;[300, 450]
420.3022;63.555138;292.5786;229.52107;342.54803;[300, 450]
404.9785;57.867516;297.00397;237.29323;338.0062;[300, 450]
420.71484;58.51822;291.78525;232.00406;325.945;[300, 450]
386.14404;94.08663;449.73654;243.32944;146.43124;[350, 450]
459.8669;93.521736;333.50772;193.2067;323.79016;[350, 450]
458.97754;89.3753;336.14172;167.73683;330.43155;[350, 450]
459.60754;88.23272;338.41046;169.22005;326.27725;[350, 450]
450.69684;88.22204;335.37372;170.73941;327.11368;[350, 450]
458.8407;90.1083;337.5584;171.24118;328.78015;[350, 450]
463.4898;90.871994;344.36447;173.76688;322.27945;[350, 450]
456.5406;89.93808;336.46683;177.7002;325.3862;[350, 450]
494.81976;128.48892;415.19287;118.43623;321.89832;[400, 450]
475.9311;120.52551;389.1135;130.74332;317.3997;[400, 450]
449.2386;114.93682;393.68604;135.28133;287.47836;[400, 450]
505.53387;173.68239;422.2011;116.913086;327.12003;[400, 450]
477.41522;114.67385;428.9881;120.85907;305.8732;[400, 450]
391.47055;179.31926;409.61682;310.2804;123.66166;[400, 450]
495.8368;147.74757;457.58154;284.64935;154.20787;[400, 450]
519.93384;173.60742;426.244;113.7145;325.709;[400, 450]
476.60132;115.978874;377.3659;139.89117;292.77856;[400, 450]
490.88177;121.266716;390.3197;118.98415;326.10178;[400, 450]
420.95575;171.72441;444.27216;286.623;144.72789;[400, 450]
542.8749;172.38669;423.95483;84.24835;318.10886;[450, 450]
526.91943;171.67607;421.7409;134.41008;325.78308;[450, 450]
555.2319;269.82114;549.085;203.19121;209.49374;[450, 450]
551.66266;215.74539;481.67896;108.058624;287.14987;[450, 450]
523.3378;171.83313;436.17642;75.71991;323.4274;[450, 450]
545.80457;169.27678;435.95282;75.19083;319.4987;[450, 450]
549.87054;169.05461;441.12833;71.49949;318.97318;[450, 450]
561.2012;263.24716;545.2911;157.63188;239.71327;[450, 450]
557.37933;260.02356;475.85226;177.91666;242.76868;[450, 450]
559.1755;272.60373;546.64624;177.5519;246.29309;[450, 450]
339.70328;247.39328;458.948;386.7621;73.73919;[500, 450]
558.4244;274.35944;503.57367;214.00882;227.81577;[500, 450]
553.5441;203.3024;475.55234;82.86867;331.43268;[500, 450]
567.30035;216.06693;485.202;35.2557;333.6346;[500, 450]
564.31696;232.6013;517.26904;118.21301;292.3118;[500, 450]
576.53766;219.07188;476.9497;40.69096;349.22162;[500, 450]
555.1869;209.43579;486.91806;81.281906;322.1721;[500, 450]
555.54443;211.39447;477.88318;57.115826;332.22516;[500, 450]
558.967;215.4467;492.12756;71.74844;314.6298;[500, 450]
582.3112;218.72783;480.46033;44.758556;350.95004;[500, 450]
560.7738;264.49545;533.8744;70.75997;330.081;[550, 450]
605.5992;241.3207;514.9366;70.06061;338.38757;[550, 450]
606.74396;270.75717;541.73334;95.52212;342.8165;[550, 450]
560.7738;264.49545;533.8744;70.75997;330.081;[550, 450]
551.77167;243.88873;508.3288;78.28439;327.95288;[550, 450]
373.4611;256.70358;59.860497;462.47992;475.51132;[50, 500]
362.782;255.77467;66.88513;459.67233;484.51718;[50, 500]
370.69543;259.10715;59.13159;452.6999;486.11166;[50, 500]
377.9701;252.50043;76.57167;472.1027;459.40903;[50, 500]
370.64764;254.59996;82.11966;470.47485;458.20505;[50, 500]
255.96477;259.73978;64.93569;492.31256;486.38916;[50, 500]
359.66162;254.41936;75.219055;481.85526;453.21747;[50, 500]
285.95624;239.91222;61.420517;456.7688;443.55533;[50, 500]
363.57532;156.84334;146.32274;384.60135;398.24484;[100, 500]
324.32523;157.1018;163.02966;403.22083;380.92957;[100, 500]
381.6552;213.74532;114.75331;423.66306;442.97934;[100, 500]
337.4628;148.74547;155.09995;388.85916;400.59464;[100, 500]
241.70514;209.83817;167.28285;455.52094;374.8437;[100, 500]
339.39108;222.97035;98.018974;440.2489;446.0941;[100, 500]
382.24237;202.2599;196.86949;433.7326;431.7127;[100, 500]
373.14496;217.31215;93.926704;404.51343;502.12177;[100, 500]
351.17096;148.74626;142.05185;379.31653;404.56744;[100, 500]
358.6477;223.49048;82.209465;412.54318;486.05957;[100, 500]
374.46796;217.6218;90.95712;409.81757;491.86185;[100, 500]
373.15787;193.04314;135.37944;411.13593;435.13983;[100, 500]
365.57214;216.47186;102.8831;433.50586;438.47726;[100, 500]
234.36922;233.9918;343.0537;448.7702;299.19412;[100, 500]
369.85037;186.91245;136.39084;377.47665;459.09238;[150, 500]
379.55725;185.77232;147.2931;378.2061;467.38834;[150, 500]
380.57025;179.0142;144.16289;366.31577;456.19437;[150, 500]
377.42188;181.9624;144.61888;377.56516;468.58813;[150, 500]
355.63348;150.00487;143.7816;366.4981;421.86392;[150, 500]
384.5105;151.15288;181.8669;361.48926;402.29355;[200, 500]
272.6222;201.65096;191.02106;433.95227;402.13605;[200, 500]
311.11688;187.92677;159.51479;431.23697;391.84857;[200, 500]
388.83252;146.43011;187.84259;344.06;406.8984;[200, 500]
389.65973;167.41624;196.11812;342.05353;422.15787;[200, 500]
357.1089;157.26836;132.4694;402.8267;412.08612;[200, 500]
375.71902;146.2884;179.8419;341.26703;443.83786;[200, 500]
339.78778;155.20155;154.26091;391.68665;412.71475;[200, 500]
367.08032;149.2212;182.9528;352.56934;423.1312;[200, 500]
343.48062;99.33629;219.86469;327.23407;326.64938;[250, 500]
421.02838;119.79633;244.73427;295.82397;388.75128;[250, 500]
424.07623;120.05891;243.19792;267.15402;407.71133;[250, 500]
422.84387;121.842125;243.83311;269.0035;415.64572;[250, 500]
245.2947;197.10182;196.53947;439.1125;365.79684;[250, 500]
413.56354;82.69419;265.94922;252.7274;411.76578;[250, 500]
407.46564;71.61993;245.38748;281.1388;374.656;[250, 500]
419.19357;73.75881;244.5558;275.33844;389.62198;[250, 500]
434.6886;123.97208;245.85855;267.0123;424.92657;[250, 500]
422.49878;156.37698;244.85997;276.19873;427.29807;[250, 500]
427.00058;123.209;253.19049;269.08517;398.9655;[250, 500]
431.11215;122.95126;246.10318;276.8698;404.14053;[250, 500]
422.7855;122.70487;247.46524;272.82715;389.92288;[250, 500]
427.9333;116.05892;246.64418;271.36163;408.9012;[250, 500]
462.00275;110.35882;290.39804;220.93999;386.96982;[300, 500]
456.72595;110.392525;288.61902;223.66386;374.28894;[300, 500]
464.1208;109.86681;305.24246;207.86298;374.69702;[300, 500]
443.42767;110.5985;290.8528;223.27055;385.6028;[300, 500]
463.84702;110.98217;292.0079;217.32733;375.38614;[300, 500]
443.2007;106.64469;298.09024;228.31297;376.2324;[300, 500]
456.88635;110.046265;295.0636;224.02306;370.04263;[300, 500]
436.45386;110.47608;291.79056;227.743;387.74564;[300, 500]
451.9287;107.762314;330.14053;221.40445;350.09256;[300, 500]
458.74344;106.096;291.56165;221.82994;379.42505;[300, 500]
449.90765;107.13578;359.24112;231.60272;343.2927;[300, 500]
523.9234;227.53667;455.87396;102.9612;324.8478;[350, 500]
513.4182;256.94458;391.03174;162.36491;358.73746;[350, 500]
515.8408;264.12234;492.4778;155.54332;157.6256;[350, 500]
545.7397;118.46412;359.99414;110.16203;351.51562;[350, 500]
521.4737;118.10269;378.0616;130.71336;335.5649;[350, 500]
506.91208;180.17012;507.74017;280.31076;147.71954;[350, 500]
539.38995;130.11516;461.55777;177.19789;344.03986;[350, 500]
547.6795;256.3004;530.53217;121.303856;335.84277;[350, 500]
531.6507;151.93942;393.28702;116.69226;375.20285;[400, 500]
550.95496;160.87364;404.63892;103.32641;359.79968;[400, 500]
477.72345;175.10387;441.72595;121.03717;357.80627;[400, 500]
516.82733;155.8056;399.65775;114.62314;384.44687;[400, 500]
566.19434;218.48064;495.29193;58.113842;329.31763;[450, 500]
515.5311;146.02873;397.05573;108.61473;355.52716;[450, 500]
560.5614;211.05856;476.46637;80.603745;344.41202;[450, 500]
489.63928;121.71736;350.39105;308.34277;202.91397;[450, 500]
538.6391;226.10655;501.05164;71.52774;368.20993;[450, 500]
486.3546;323.08212;594.42773;346.26215;86.08675;[450, 500]
557.8854;193.0533;469.80173;74.99059;375.8483;[450, 500]
526.3732;148.58606;387.2115;101.43871;382.75845;[450, 500]
535.8441;159.48915;511.40222;174.17082;222.80037;[450, 500]
545.86597;163.61247;392.90408;117.68222;375.46835;[450, 500]
546.114;134.56471;414.2677;114.26614;326.06726;[450, 500]
598.1009;226.95781;515.78827;88.013275;339.96774;[450, 500]
496.61035;167.99382;471.18347;124.22762;258.31943;[500, 500]
617.0793;241.22652;497.24237;11.019232;397.2031;[500, 500]
622.62933;242.00386;493.31375;9.483894;397.06763;[500, 500]
615.26904;239.82964;498.04285;14.707049;384.03943;[500, 500]
605.64545;239.01683;499.6964;15.988384;384.29776;[500, 500]
605.50745;240.88045;491.09918;16.054848;385.4507;[500, 500]
607.0015;241.26828;490.61792;13.870297;384.40475;[500, 500]
616.9161;239.06586;500.48602;14.749327;376.59814;[500, 500]
602.3641;240.61304;495.78424;16.351934;385.36227;[500, 500]
603.7137;240.15817;495.35034;17.539263;389.0826;[500, 500]
610.1059;241.07231;494.44757;16.08959;391.96255;[500, 500]
611.2348;240.75262;492.07938;15.435592;389.26547;[500, 500]
610.409;241.15837;493.74707;17.574558;390.88242;[500, 500]
655.54736;282.48978;548.7138;25.674011;405.475;[550, 500]
617.03827;288.7515;540.4048;30.652004;397.28986;[550, 500]
559.1385;271.75616;549.9102;193.78596;227.0274;[550, 500]
648.4449;274.876;549.67584;27.486885;401.21945;[550, 500]
572.42316;218.19545;502.3947;50.65462;369.92783;[550, 500]
667.602;284.319;547.7537;23.963818;409.53946;[550, 500]
562.2427;273.24524;550.1512;198.17838;229.7879;[550, 500]
635.22784;278.6145;533.81415;26.438774;394.6578;[550, 500]
660.0832;287.41995;543.6048;25.487726;401.93854;[550, 500]
577.66974;274.61948;552.85846;202.5374;320.4976;[550, 500]
613.7026;278.10635;536.3787;27.207104;399.97638;[550, 500]
565.4476;269.45853;544.841;121.61861;341.14743;[550, 500]
644.086;273.75443;544.3387;28.577496;403.81876;[550, 500]
641.9565;286.87476;552.2585;25.752129;396.25894;[550, 500]
